HerdCode,HerdName,ScorerName,ScoreDate,Creation Date,CalfID,BirthDate,Calf Age,BodyTemp,BodyWeight,Appetite,Attitude,Nose,Eye,Ear,Cough,Temperature,TotalRespiratoryScore,UltraSound,UltraSoundComment,UScategory,Fecal,Navel,Joint,CalfComment,trtScoreRS,trtScoreNRS,RScategory,BRDCategory,Recheck,trtScore
12345678,RV,EP,6/13/2025,6/13/2025 16:23,409818,6/12/2025,1,102.3,,0,0,0,0,0,0,2,2,,,,0,0,0,,1,0,NoDisease,,Recheck,
12345678,RV,EP,6/14/2025,6/14/2025 11:24,409818,6/12/2025,2,101.8,,0,0,0,0,0,0,1,1,,,,0,0,0,,0,0,NoDisease,,,
12345678,RV,EP,6/15/2025,6/15/2025 12:44,409818,6/12/2025,3,102.7,,0,0,0,0,0,0,2,2,,,,0,0,0,,1,0,NoDisease,,Recheck,
12345678,RV,EP,6/16/2025,6/16/2025 6:18,409818,6/12/2025,4,102.8,,0,0,0,0,0,0,2,2,,,,0,0,0,,1,0,NoDisease,,Recheck,
12345678,RV,EP,6/13/2025,6/13/2025 16:16,409820,6/12/2025,1,102,,0,0,0,0,0,0,2,2,,,,0,0,0,,1,0,NoDisease,,Recheck,
12345678,RV,EP,6/14/2025,6/14/2025 11:23,409820,6/12/2025,2,101.5,,0,0,0,0,0,0,1,1,,,,0,0,0,,0,0,NoDisease,,,
12345678,RV,EP,6/15/2025,6/15/2025 12:42,409820,6/12/2025,3,103.1,,0,0,0,0,0,0,3,3,,,,0,0,0,,1,0,ElevatedTemperature,,Recheck,
12345678,RV,EP,6/16/2025,6/16/2025 6:16,409820,6/12/2025,4,101.2,,0,0,0,0,0,0,1,1,,,,0,0,0,,0,0,NoDisease,,,
12345678,RV,EP,6/13/2025,6/13/2025 16:29,409821,6/12/2025,1,102.3,,0,0,0,0,0,0,2,2,,,,0,1,0,,1,0,NoDisease,,Recheck,
12345678,RV,EP,6/14/2025,6/14/2025 11:25,409821,6/12/2025,2,101.8,,0,0,0,1,0,0,1,2,,,,0,1,0,,0,0,NoDisease,,,
12345678,RV,EP,6/15/2025,6/15/2025 12:47,409821,6/12/2025,3,102.1,,0,0,0,0,0,0,2,2,,,,0,1,0,,1,0,NoDisease,,Recheck,
12345678,RV,EP,6/16/2025,6/16/2025 6:20,409821,6/12/2025,4,101.5,,0,0,0,0,0,0,1,1,,,,0,0,0,,0,0,NoDisease,,,
12345678,RV,EP,6/13/2025,6/13/2025 12:35,431580,6/12/2025,1,102.3,,0,1,0,0,1,0,2,3,,,,1,0,0,,1,0,NoDisease,,Recheck,
12345678,RV,EP,6/14/2025,6/14/2025 10:37,431580,6/12/2025,2,102.7,,0,0,0,0,0,0,2,2,,,,1,0,0,,1,0,NoDisease,,Recheck,
12345678,RV,EP,6/15/2025,6/15/2025 11:04,431580,6/12/2025,3,102.5,,0,0,0,0,0,0,2,2,,,,1,0,0,,1,0,NoDisease,,Recheck,
12345678,RV,EP,6/16/2025,6/16/2025 5:15,431580,6/12/2025,4,102.5,,0,0,0,0,0,0,2,2,,,,0,0,0,,1,0,NoDisease,,Recheck,
12345678,RV,EP,6/13/2025,6/13/2025 15:45,431581,6/12/2025,1,101.8,,0,0,0,0,0,0,1,1,,,,0,2,0,,0,2,Navel,,,Treatable
12345678,RV,EP,6/14/2025,6/14/2025 11:15,431581,6/12/2025,2,101.9,,0,0,0,0,0,0,1,1,,,,1,1,0,,0,0,NoDisease,,,
12345678,RV,EP,6/15/2025,6/15/2025 12:24,431581,6/12/2025,3,101.8,,0,0,0,0,0,0,1,1,,,,0,1,0,,0,0,NoDisease,,,
12345678,RV,EP,6/16/2025,6/16/2025 6:05,431581,6/12/2025,4,101.3,,0,0,0,0,0,0,1,1,,,,0,0,0,,0,0,NoDisease,,,
12345678,RV,EP,6/13/2025,6/13/2025 14:55,431592,6/12/2025,1,102.5,,0,1,0,0,0,0,2,2,,,,1,0,0,,1,0,NoDisease,,Recheck,
12345678,RV,EP,6/14/2025,6/14/2025 11:02,431592,6/12/2025,2,101.8,,0,0,0,0,0,0,1,1,,,,1,1,0,,0,0,NoDisease,,,
12345678,RV,EP,6/15/2025,6/15/2025 12:03,431592,6/12/2025,3,103.4,,0,0,0,0,0,0,3,3,,,,1,0,0,,1,0,ElevatedTemperature,,Recheck,
12345678,RV,EP,6/16/2025,6/16/2025 5:54,431592,6/12/2025,4,102.4,,0,0,0,0,0,0,2,2,,,,0,0,0,,1,0,NoDisease,,Recheck,
12345678,RV,EP,6/13/2025,6/13/2025 14:42,431594,6/12/2025,1,101.6,,0,0,0,0,0,0,1,1,,,,0,0,0,,0,0,NoDisease,,,
12345678,RV,EP,6/14/2025,6/14/2025 10:58,431594,6/12/2025,2,102.3,,0,0,0,0,0,0,2,2,,,,0,1,0,,1,0,NoDisease,,Recheck,
12345678,RV,EP,6/15/2025,6/15/2025 11:55,431594,6/12/2025,3,103,,0,0,0,0,0,0,3,3,,,,0,1,0,,1,0,ElevatedTemperature,,Recheck,
12345678,RV,EP,6/16/2025,6/16/2025 5:48,431594,6/12/2025,4,102.6,,0,0,0,0,0,0,2,2,,,,0,0,0,,1,0,NoDisease,,Recheck,
12345678,RV,EP,6/13/2025,6/13/2025 15:33,431598,6/12/2025,1,102.2,,0,0,0,0,0,0,2,2,,,,0,0,0,,1,0,NoDisease,,Recheck,
12345678,RV,EP,6/14/2025,6/14/2025 11:10,431598,6/12/2025,2,103.2,,0,0,0,0,0,0,3,3,,,,1,,0,,1,0,ElevatedTemperature,,Recheck,
12345678,RV,EP,6/15/2025,6/15/2025 12:18,431598,6/12/2025,3,103.1,,0,0,0,0,0,0,3,3,,,,1,0,0,,1,0,ElevatedTemperature,,Recheck,
12345678,RV,EP,6/16/2025,6/16/2025 6:01,431598,6/12/2025,4,102.2,,0,0,0,0,0,0,2,2,,,,0,0,0,,1,0,NoDisease,,Recheck,
12345678,RV,EP,6/13/2025,6/13/2025 14:34,431599,6/12/2025,1,102.6,,0,0,0,0,0,0,2,2,,,,1,0,0,,1,0,NoDisease,,Recheck,
12345678,RV,EP,6/14/2025,6/14/2025 10:57,431599,6/12/2025,2,101.5,,0,0,0,0,0,0,1,1,,,,0,0,0,,0,0,NoDisease,,,
12345678,RV,EP,6/15/2025,6/15/2025 11:50,431599,6/12/2025,3,102.6,,0,0,0,0,0,0,2,2,,,,0,0,0,,1,0,NoDisease,,Recheck,
12345678,RV,EP,6/16/2025,6/16/2025 5:47,431599,6/12/2025,4,101.9,,0,0,0,0,0,0,1,1,,,,0,0,0,,0,0,NoDisease,,,
12345678,RV,EP,6/13/2025,6/13/2025 14:06,431600,6/12/2025,1,102.7,,0,0,0,0,0,0,2,2,,,,0,0,0,,1,0,NoDisease,,Recheck,
12345678,RV,EP,6/14/2025,6/14/2025 10:52,431600,6/12/2025,2,102.3,,0,0,0,0,0,0,2,2,,,,0,0,0,,1,0,NoDisease,,Recheck,
12345678,RV,EP,6/15/2025,6/15/2025 11:40,431600,6/12/2025,3,103.5,,0,0,1,0,0,0,3,4,,,,0,0,0,,1,0,ElevatedTemperature,,Recheck,
12345678,RV,EP,6/16/2025,6/16/2025 5:39,431600,6/12/2025,4,103.3,,0,0,0,0,0,0,3,3,,,,0,0,0,,1,0,ElevatedTemperature,,Recheck,
12345678,RV,EP,6/13/2025,6/13/2025 16:06,431602,6/12/2025,1,103,,0,0,0,0,0,0,3,3,,,,1,0,0,,1,0,ElevatedTemperature,,Recheck,
12345678,RV,EP,6/14/2025,6/14/2025 11:19,431602,6/12/2025,2,102,,0,0,0,0,0,0,2,2,,,,1,0,0,,1,0,NoDisease,,Recheck,
12345678,RV,EP,6/15/2025,6/15/2025 12:34,431602,6/12/2025,3,102.4,,0,0,0,0,0,0,2,2,,,,0,0,0,,1,0,NoDisease,,Recheck,
12345678,RV,EP,6/16/2025,6/16/2025 6:13,431602,6/12/2025,4,102.7,,0,0,0,0,0,0,2,2,,,,0,0,0,,1,0,NoDisease,,Recheck,
12345678,RV,EP,6/13/2025,6/13/2025 12:43,431603,6/12/2025,1,102.4,,0,0,0,0,0,0,2,2,,,,1,0,,,1,0,NoDisease,,Recheck,
12345678,RV,EP,6/14/2025,6/14/2025 10:39,431603,6/12/2025,2,102.3,,0,0,0,0,0,0,2,2,,,,1,0,0,,1,0,NoDisease,,Recheck,
12345678,RV,EP,6/15/2025,6/15/2025 11:09,431603,6/12/2025,3,102.4,,0,0,0,0,0,0,2,2,,,,0,0,0,,1,0,NoDisease,,Recheck,
12345678,RV,EP,6/16/2025,6/16/2025 5:17,431603,6/12/2025,4,102.8,,0,0,0,0,0,0,2,2,,,,0,0,0,,1,0,NoDisease,,Recheck,
12345678,RV,EP,6/13/2025,6/13/2025 14:13,431605,6/12/2025,1,102.4,,0,0,0,0,1,0,2,3,,,,0,0,0,,1,0,NoDisease,,Recheck,
12345678,RV,EP,6/14/2025,6/14/2025 10:54,431605,6/12/2025,2,102.5,,0,0,0,0,0,0,2,2,,,,0,1,0,,1,0,NoDisease,,Recheck,
12345678,RV,EP,6/15/2025,6/15/2025 11:42,431605,6/12/2025,3,,,0,0,0,0,0,0,2,2,,,,0,1,0,,1,0,NoDisease,,Recheck,
12345678,RV,EP,6/16/2025,6/16/2025 5:42,431605,6/12/2025,4,103.1,,0,0,1,0,0,0,3,4,,,,0,0,0,,1,0,ElevatedTemperature,,Recheck,
12345678,RV,EP,6/13/2025,6/13/2025 15:26,431608,6/12/2025,1,102.3,,0,0,0,0,0,0,2,2,,,,0,2,0,,1,2,Navel,,,Treatable
12345678,RV,EP,6/14/2025,6/14/2025 11:08,431608,6/12/2025,2,101.5,,0,0,0,0,0,0,1,1,,,,0,2,0,,0,2,Navel,,,Treatable
12345678,RV,EP,6/15/2025,6/15/2025 12:15,431608,6/12/2025,3,101.6,,0,0,0,0,0,0,,0,,,,0,2,0,,0,2,Navel,,,Treatable
12345678,RV,EP,6/16/2025,6/16/2025 5:59,431608,6/12/2025,4,101.8,,0,0,0,0,0,0,1,1,,,,0,0,0,,0,0,NoDisease,,,
12345678,RV,EP,6/13/2025,6/13/2025 15:19,431610,6/12/2025,1,102.1,,0,0,0,0,0,0,2,2,,,,0,0,0,431610,1,0,NoDisease,,Recheck,
12345678,RV,EP,6/14/2025,6/14/2025 11:06,431610,6/12/2025,2,102.3,,0,1,0,0,0,0,2,2,,,,1,0,0,,1,0,NoDisease,,Recheck,
12345678,RV,EP,6/15/2025,6/15/2025 12:09,431610,6/12/2025,3,101.8,,0,0,0,0,0,0,1,1,,,,1,0,0,,0,0,NoDisease,,,
12345678,RV,EP,6/16/2025,6/16/2025 5:58,431610,6/12/2025,4,101.6,,0,0,0,0,0,0,1,1,,,,0,0,0,,0,0,NoDisease,,,
12345678,RV,EP,6/13/2025,6/13/2025 13:01,431611,6/12/2025,1,102.4,,0,0,0,0,0,0,2,2,,,,1,0,0,,1,0,NoDisease,,Recheck,
12345678,RV,EP,6/14/2025,6/14/2025 10:42,431611,6/12/2025,2,102.3,,0,0,0,0,0,0,2,2,,,,0,0,,,1,0,NoDisease,,Recheck,
12345678,RV,EP,6/15/2025,6/15/2025 11:17,431611,6/12/2025,3,102.2,,0,0,0,0,0,0,2,2,,,,0,1,0,,1,0,NoDisease,,Recheck,
12345678,RV,EP,6/16/2025,6/16/2025 5:20,431611,6/12/2025,4,101.2,,0,0,0,0,0,0,1,1,,,,0,0,0,,0,0,NoDisease,,,
12345678,RV,EP,6/13/2025,6/13/2025 16:11,431612,6/12/2025,1,102.1,,0,0,0,0,0,0,2,2,,,,1,0,0,,1,0,NoDisease,,Recheck,
12345678,RV,EP,6/14/2025,6/14/2025 11:21,431612,6/12/2025,2,103,,0,1,0,0,0,0,3,3,,,,3,1,0,,1,2,ElevatedTemperature_Diarrhea,,,Treatable
12345678,RV,EP,6/15/2025,6/15/2025 12:39,431612,6/12/2025,3,103.7,,0,0,0,0,0,0,3,3,,,,1,0,0,,1,0,ElevatedTemperature,,Recheck,
12345678,RV,EP,6/16/2025,6/16/2025 6:15,431612,6/12/2025,4,104.9,,0,0,0,0,0,0,3,3,,,,0,0,1,,1,0,ElevatedTemperature,,Recheck,
12345678,RV,EP,6/13/2025,6/13/2025 13:44,431613,6/12/2025,1,101.2,,0,0,0,0,0,0,1,1,,,,0,0,0,,0,0,NoDisease,,,
12345678,RV,EP,6/14/2025,6/14/2025 10:49,431613,6/12/2025,2,100.8,,0,0,0,0,0,0,0,0,,,,0,0,0,,0,0,NoDisease,,,
12345678,RV,EP,6/15/2025,6/15/2025 11:34,431613,6/12/2025,3,102.4,,0,0,0,0,0,0,2,2,,,,0,1,0,,1,0,NoDisease,,Recheck,
12345678,RV,EP,6/16/2025,6/16/2025 5:35,431613,6/12/2025,4,101.6,,0,0,0,0,0,0,1,1,,,,0,0,0,,0,0,NoDisease,,,
12345678,RV,EP,6/13/2025,6/13/2025 12:53,431616,6/12/2025,1,101.6,,0,0,0,0,0,0,1,1,,,,1,0,0,,0,0,NoDisease,,,
12345678,RV,EP,6/14/2025,6/14/2025 10:41,431616,6/12/2025,2,101.4,,0,0,0,0,0,0,1,1,,,,1,0,0,,0,0,NoDisease,,,
12345678,RV,EP,6/15/2025,6/15/2025 11:13,431616,6/12/2025,3,101.7,,0,0,1,0,0,0,1,2,,,,0,1,0,,0,0,NoDisease,,,
12345678,RV,EP,6/16/2025,6/16/2025 5:19,431616,6/12/2025,4,102,,0,0,0,0,0,0,2,2,,,,0,1,0,,1,0,NoDisease,,Recheck,
12345678,RV,EP,6/13/2025,6/13/2025 13:20,431618,6/12/2025,1,102.5,,0,0,0,1,0,0,2,3,,,,1,0,0,,1,0,NoDisease,,Recheck,
12345678,RV,EP,6/14/2025,6/14/2025 10:45,431618,6/12/2025,2,102.2,,0,0,0,0,0,0,2,2,,,,1,1,0,,1,0,NoDisease,,Recheck,
12345678,RV,EP,6/15/2025,6/15/2025 11:24,431618,6/12/2025,3,103.8,,0,0,0,0,0,0,3,3,,,,0,0,0,,1,0,ElevatedTemperature,,Recheck,
12345678,RV,EP,6/16/2025,6/16/2025 5:25,431618,6/12/2025,4,103.1,,0,0,0,0,0,0,3,3,,,,0,0,0,,1,0,ElevatedTemperature,,Recheck,
12345678,RV,EP,6/13/2025,6/13/2025 14:49,431620,6/12/2025,1,102.6,,0,0,0,0,0,0,2,2,,,,1,0,0,,1,0,NoDisease,,Recheck,
12345678,RV,EP,6/14/2025,6/14/2025 11:01,431620,6/12/2025,2,103.9,,0,0,0,0,0,0,3,3,,,,1,2,0,,1,2,ElevatedTemperature_Navel,,,Treatable
12345678,RV,EP,6/15/2025,6/15/2025 11:59,431620,6/12/2025,3,103.3,,0,0,0,0,0,0,3,3,,,,1,1,0,,1,0,ElevatedTemperature,,Recheck,
12345678,RV,EP,6/16/2025,6/16/2025 5:51,431620,6/12/2025,4,103.6,,0,0,0,0,0,0,3,3,,,,0,0,0,,1,0,ElevatedTemperature,,Recheck,
12345678,RV,EP,6/13/2025,6/13/2025 15:38,431621,6/12/2025,1,101.4,,0,0,0,0,0,0,1,1,,,,1,0,0,,0,0,NoDisease,,,
12345678,RV,EP,6/14/2025,6/14/2025 11:14,431621,6/12/2025,2,102.9,,0,1,0,0,0,0,2,2,,,,0,0,0,,1,0,NoDisease,,Recheck,
12345678,RV,EP,6/15/2025,6/15/2025 12:21,431621,6/12/2025,3,102.6,,0,0,0,0,0,0,2,2,,,,0,0,0,,1,0,NoDisease,,Recheck,
12345678,RV,EP,6/16/2025,6/16/2025 6:03,431621,6/12/2025,4,102.5,,0,0,0,0,0,0,2,2,,,,0,0,0,,1,0,NoDisease,,Recheck,
12345678,RV,EP,6/13/2025,6/13/2025 15:51,431622,6/12/2025,1,100.5,,0,0,0,0,0,0,0,0,,,,0,1,0,,0,0,NoDisease,,,
12345678,RV,EP,6/14/2025,6/14/2025 11:16,431622,6/12/2025,2,101.7,,0,0,0,0,0,0,1,1,,,,1,2,0,,0,2,Navel,,,Treatable
12345678,RV,EP,6/15/2025,6/15/2025 12:27,431622,6/12/2025,3,101.9,,0,0,0,0,0,0,1,1,,,,0,1,0,,0,0,NoDisease,,,
12345678,RV,EP,6/16/2025,6/16/2025 6:08,431622,6/12/2025,4,101.2,,0,0,0,0,0,0,1,1,,,,0,0,0,,0,0,NoDisease,,,
12345678,RV,EP,6/13/2025,6/13/2025 15:00,431631,6/12/2025,1,101.7,,0,0,0,0,0,0,1,1,,,,0,0,0,,0,0,NoDisease,,,
12345678,RV,EP,6/14/2025,6/14/2025 11:04,431631,6/12/2025,2,103.7,,0,1,0,0,0,,3,3,,,,1,0,0,,1,0,ElevatedTemperature,,Recheck,
12345678,RV,EP,6/15/2025,6/15/2025 12:06,431631,6/12/2025,3,102.8,,0,0,0,0,0,0,2,2,,,,1,0,0,,1,0,NoDisease,,Recheck,
12345678,RV,EP,6/16/2025,6/16/2025 5:56,431631,6/12/2025,4,102.6,,0,0,0,0,0,0,2,2,,,,0,0,0,,1,0,NoDisease,,Recheck,
12345678,RV,EP,6/13/2025,6/13/2025 13:11,431633,6/12/2025,1,102.4,,0,0,0,0,0,0,2,2,,,,0,0,0,,1,0,NoDisease,,Recheck,
12345678,RV,EP,6/14/2025,6/14/2025 10:44,431633,6/12/2025,2,102.2,,0,0,0,0,0,0,2,2,,,,1,0,0,,1,0,NoDisease,,Recheck,
12345678,RV,EP,6/15/2025,6/15/2025 11:20,431633,6/12/2025,3,102.9,,0,0,0,0,0,0,2,2,,,,0,0,0,,1,0,NoDisease,,Recheck,
12345678,RV,EP,6/16/2025,6/16/2025 5:22,431633,6/12/2025,4,102.4,,0,0,0,0,0,0,2,2,,,,0,0,0,,1,0,NoDisease,,Recheck,
12345678,RV,EP,6/13/2025,6/13/2025 14:20,431635,6/12/2025,1,102,,0,0,0,0,0,0,2,2,,,,0,0,0,,1,0,NoDisease,,Recheck,
12345678,RV,EP,6/14/2025,6/14/2025 10:55,431635,6/12/2025,2,102.6,,0,0,0,0,0,0,2,2,,,,0,0,0,,1,0,NoDisease,,Recheck,
12345678,RV,EP,6/15/2025,6/15/2025 11:46,431635,6/12/2025,3,103.4,,0,0,0,0,0,0,3,3,,,,0,0,0,,1,0,ElevatedTemperature,,Recheck,
12345678,RV,EP,6/16/2025,6/16/2025 5:44,431635,6/12/2025,4,102.6,,0,0,0,0,0,0,2,2,,,,0,0,0,,1,0,NoDisease,,Recheck,
12345678,RV,EP,6/13/2025,6/13/2025 16:00,431636,6/12/2025,1,102.4,,0,0,0,0,0,0,2,2,,,,0,0,0,,1,0,NoDisease,,Recheck,
12345678,RV,EP,6/14/2025,6/14/2025 11:18,431636,6/12/2025,2,102.1,,0,0,0,0,0,0,2,2,,,,0,0,0,,1,0,NoDisease,,Recheck,
12345678,RV,EP,6/15/2025,6/15/2025 12:29,431636,6/12/2025,3,102.4,,0,0,0,0,0,0,2,2,,,,0,0,0,,1,0,NoDisease,,Recheck,
12345678,RV,EP,6/16/2025,6/16/2025 6:11,431636,6/12/2025,4,102.4,,0,0,0,0,0,0,2,2,,,,0,0,0,,1,0,NoDisease,,Recheck,
12345678,RV,EP,6/14/2025,6/14/2025 10:35,431637,6/12/2025,2,102.1,,0,0,0,0,0,0,2,2,,,,2,0,0,,1,2,Diarrhea,,,Treatable
12345678,RV,EP,6/13/2025,6/13/2025 12:16,431637,6/12/2025,1,101.6,,0,1,0,0,0,0,1,1,,,,0,0,0,,0,0,NoDisease,,,
12345678,RV,EP,6/15/2025,6/15/2025 10:56,431637,6/12/2025,3,102.8,,0,0,0,0,0,0,2,2,,,,1,0,0,,1,0,NoDisease,,Recheck,
12345678,RV,EP,6/15/2025,6/16/2025 5:08,431637,6/12/2025,4,102.9,,0,0,0,0,0,0,2,2,,,,1,0,0,,1,0,NoDisease,,Recheck,
12345678,RV,EP,6/13/2025,6/13/2025 13:35,431639,6/12/2025,1,101.6,,0,1,0,0,0,0,1,1,,,,0,0,0,431639,0,0,NoDisease,,,
12345678,RV,EP,6/14/2025,6/14/2025 10:47,431639,6/12/2025,2,103.4,,,0,0,0,0,0,3,3,,,,1,2,0,,1,2,ElevatedTemperature_Navel,,,Treatable
12345678,RV,EP,6/15/2025,6/15/2025 11:28,431639,6/12/2025,3,103.5,,0,0,0,0,0,0,3,3,,,,1,0,0,,1,0,ElevatedTemperature,,Recheck,
12345678,RV,EP,6/16/2025,6/16/2025 5:30,431639,6/12/2025,4,103.6,,0,0,1,0,0,0,3,4,,,,0,0,0,,1,0,ElevatedTemperature,,Recheck,
12345678,RV,EP,6/13/2025,6/13/2025 13:59,431642,6/12/2025,1,101.4,,0,0,0,0,0,0,1,1,,,,0,0,0,,0,0,NoDisease,,,
12345678,RV,EP,6/14/2025,6/14/2025 10:51,431642,6/12/2025,2,103.8,,0,0,0,0,0,0,3,3,,,,1,1,0,,1,0,ElevatedTemperature,,Recheck,
12345678,RV,EP,6/15/2025,6/15/2025 11:37,431642,6/12/2025,3,103,,0,0,0,0,0,0,3,3,,,,0,2,0,,1,2,ElevatedTemperature_Navel,,,Treatable
12345678,RV,EP,6/16/2025,6/16/2025 5:37,431642,6/12/2025,4,102.8,,0,0,0,0,0,0,2,2,,,,0,0,0,,1,0,NoDisease,,Recheck,
12345678,RV,MJ,6/20/2025,6/24/2025 19:39,409922,6/19/2025,1,102.5,,0,0,0,0,0,0,2,2,,,,0,1,0,,1,0,NoDisease,,Recheck,
12345678,RV,MJ,6/21/2025,6/24/2025 21:00,409922,6/19/2025,2,102.6,,0,0,0,0,0,0,2,2,,,,0,0,0,,1,0,NoDisease,,Recheck,
12345678,RV,MJ,6/22/2025,6/22/2025 13:17,409922,6/19/2025,3,102.2,,0,0,0,0,0,0,2,2,,,,0,0,0,,1,0,NoDisease,,Recheck,
12345678,RV,MJ,6/23/2025,6/23/2025 6:01,409922,6/19/2025,4,101.7,,0,0,0,0,0,0,1,1,,,,0,0,0,,0,0,NoDisease,,,
12345678,RV,MJ,6/20/2025,6/24/2025 19:33,409925,6/19/2025,1,102.3,,0,0,0,0,0,0,2,2,,,,0,1,0,,1,0,NoDisease,,Recheck,
12345678,RV,MJ,6/21/2025,6/24/2025 20:48,409925,6/19/2025,2,103.9,,0,0,0,0,0,0,3,3,,,,0,1,0,,1,0,ElevatedTemperature,,Recheck,
12345678,RV,MJ,6/22/2025,6/22/2025 13:00,409925,6/19/2025,3,104.2,,0,0,0,0,0,0,3,3,,,,0,0,0,,1,0,ElevatedTemperature,,Recheck,
12345678,RV,MJ,6/23/2025,6/23/2025 5:52,409925,6/19/2025,4,102.7,,0,0,0,0,0,0,2,2,,,,0,0,0,,1,0,NoDisease,,Recheck,
12345678,RV,MJ,6/20/2025,6/24/2025 19:40,409926,6/19/2025,1,101.7,,0,0,0,0,0,0,1,1,,,,0,0,0,,0,0,NoDisease,,,
12345678,RV,MJ,6/21/2025,6/24/2025 21:03,409926,6/19/2025,2,102.4,,0,0,0,0,0,0,2,2,,,,0,0,0,,1,0,NoDisease,,Recheck,
12345678,RV,MJ,6/22/2025,6/22/2025 13:27,409926,6/19/2025,3,102.3,,0,0,0,0,0,0,2,2,,,,0,0,0,,1,0,NoDisease,,Recheck,
12345678,RV,MJ,6/23/2025,6/23/2025 6:11,409926,6/19/2025,4,102.1,,0,0,0,0,0,0,2,2,,,,0,0,0,,1,0,NoDisease,,Recheck,
12345678,RV,MJ,6/20/2025,6/24/2025 20:30,409927,6/19/2025,1,102.5,,0,0,0,0,0,0,2,2,,,,0,1,0,,1,0,NoDisease,,Recheck,
12345678,RV,MJ,6/21/2025,6/24/2025 20:59,409927,6/19/2025,2,103.9,,0,0,0,0,0,0,3,3,,,,0,0,0,,1,0,ElevatedTemperature,,Recheck,
12345678,RV,MJ,6/22/2025,6/22/2025 13:15,409927,6/19/2025,3,103.3,,0,0,0,0,0,0,3,3,,,,0,1,0,,1,0,ElevatedTemperature,,Recheck,
12345678,RV,MJ,6/23/2025,6/23/2025 5:59,409927,6/19/2025,4,102.6,,0,0,0,0,0,0,2,2,,,,0,0,0,,1,0,NoDisease,,Recheck,
12345678,RV,MJ,6/20/2025,6/24/2025 20:32,409928,6/19/2025,1,103,,0,1,1,0,1,0,3,5,,,,0,2,0,,1,2,ElevatedTemperature_Navel,,,Treatable
12345678,RV,MJ,6/21/2025,6/24/2025 21:01,409928,6/19/2025,2,104.8,,0,0,0,0,0,0,3,3,,,,0,0,0,,1,0,ElevatedTemperature,,Recheck,
12345678,RV,MJ,6/22/2025,6/22/2025 13:23,409928,6/19/2025,3,104.2,,0,0,0,0,0,0,3,3,,,,0,0,0,,1,0,ElevatedTemperature,,Recheck,
12345678,RV,MJ,6/23/2025,6/23/2025 6:05,409928,6/19/2025,4,102.8,,0,0,0,0,0,0,2,2,,,,0,0,0,,1,0,NoDisease,,Recheck,
12345678,RV,MJ,6/20/2025,6/24/2025 19:28,409933,6/19/2025,1,102.5,,0,0,0,0,0,0,2,2,,,,0,1,0,,1,0,NoDisease,,Recheck,
12345678,RV,MJ,6/21/2025,6/24/2025 20:44,409933,6/19/2025,2,104.6,,0,0,0,0,0,0,3,3,,,,0,2,0,,1,2,ElevatedTemperature_Navel,,,Treatable
12345678,RV,MJ,6/22/2025,6/22/2025 12:46,409933,6/19/2025,3,103.4,,0,0,0,0,0,0,3,3,,,,0,0,0,,1,0,ElevatedTemperature,,Recheck,
12345678,RV,MJ,6/23/2025,6/23/2025 5:39,409933,6/19/2025,4,102.8,,0,0,0,0,0,0,2,2,,,,0,1,0,,1,0,NoDisease,,Recheck,
12345678,RV,MJ,6/20/2025,6/24/2025 19:40,409935,6/19/2025,1,102.1,,0,0,0,0,0,0,2,2,,,,0,0,0,,1,0,NoDisease,,Recheck,
12345678,RV,MJ,6/21/2025,6/24/2025 21:02,409935,6/19/2025,2,102.2,,0,0,0,0,0,0,2,2,,,,0,0,0,,1,0,NoDisease,,Recheck,
12345678,RV,MJ,6/22/2025,6/22/2025 13:25,409935,6/19/2025,3,103,,0,0,0,0,0,0,3,3,,,,0,0,0,,1,0,ElevatedTemperature,,Recheck,
12345678,RV,MJ,6/23/2025,6/23/2025 6:07,409935,6/19/2025,4,102.3,,0,0,0,0,0,0,2,2,,,,0,0,0,,1,0,NoDisease,,Recheck,
12345678,RV,MJ,6/20/2025,6/24/2025 19:37,409937,6/19/2025,1,101,,0,1,0,0,0,0,1,1,,,,1,0,0,,0,0,NoDisease,,,
12345678,RV,MJ,6/21/2025,6/24/2025 20:57,409937,6/19/2025,2,102.2,,0,0,0,0,0,0,2,2,,,,0,0,0,,1,0,NoDisease,,Recheck,
12345678,RV,MJ,6/22/2025,6/22/2025 13:04,409937,6/19/2025,3,101.4,,0,0,0,0,0,0,1,1,,,,0,0,0,,0,0,NoDisease,,,
12345678,RV,MJ,6/23/2025,6/23/2025 5:55,409937,6/19/2025,4,102,,0,0,0,0,0,0,2,2,,,,0,0,0,,1,0,NoDisease,,Recheck,
12345678,RV,MJ,6/20/2025,6/24/2025 19:45,431997,6/19/2025,1,104.2,,0,0,0,0,0,0,3,3,,,,0,1,0,,1,0,ElevatedTemperature,,Recheck,
12345678,RV,MJ,6/21/2025,6/24/2025 20:38,431997,6/19/2025,2,104,,0,0,0,0,0,0,3,3,,,,0,1,0,,1,0,ElevatedTemperature,,Recheck,
12345678,RV,MJ,6/22/2025,6/22/2025 12:27,431997,6/19/2025,3,104.6,,0,0,0,0,0,0,3,3,,,,0,1,0,,1,0,ElevatedTemperature,,Recheck,
12345678,RV,MJ,6/23/2025,6/23/2025 5:23,431997,6/19/2025,4,103,,0,0,0,0,0,0,3,3,,,,0,0,0,,1,0,ElevatedTemperature,,Recheck,
12345678,RV,MJ,6/20/2025,6/24/2025 20:26,431998,6/19/2025,1,103.7,,0,0,0,0,0,0,3,3,,,,0,1,0,,1,0,ElevatedTemperature,,Recheck,
12345678,RV,MJ,6/21/2025,6/24/2025 20:43,431998,6/19/2025,2,102.3,,0,0,0,0,0,0,2,2,,,,0,2,0,,1,2,Navel,,,Treatable
12345678,RV,MJ,6/22/2025,6/22/2025 12:36,431998,6/19/2025,3,104.5,,0,0,0,0,0,0,3,3,,,,0,2,1,,1,2,ElevatedTemperature_Navel,,,Treatable
12345678,RV,MJ,6/23/2025,6/23/2025 5:33,431998,6/19/2025,4,103.2,,0,0,0,0,0,0,3,3,,,,0,1,0,,1,0,ElevatedTemperature,,Recheck,
12345678,RV,MJ,6/20/2025,6/24/2025 19:25,432001,6/19/2025,1,103.5,,0,0,0,0,0,0,3,3,,,,0,0,0,,1,0,ElevatedTemperature,,Recheck,
12345678,RV,MJ,6/21/2025,6/24/2025 20:35,432001,6/19/2025,2,104.2,,0,0,0,0,0,0,3,3,,,,1,0,0,,1,0,ElevatedTemperature,,Recheck,
12345678,RV,MJ,6/22/2025,6/22/2025 12:23,432001,6/19/2025,3,103.5,,0,0,0,0,0,0,3,3,,,,0,0,0,,1,0,ElevatedTemperature,,Recheck,
12345678,RV,MJ,6/23/2025,6/23/2025 5:19,432001,6/19/2025,4,103.4,,0,0,0,0,0,0,3,3,,,,0,0,0,,1,0,ElevatedTemperature,,Recheck,
12345678,RV,MJ,6/21/2025,6/24/2025 20:46,432004,6/19/2025,2,103.3,,0,0,0,0,0,0,3,3,,,,1,0,0,,1,0,ElevatedTemperature,,Recheck,
12345678,RV,MJ,6/23/2025,6/23/2025 5:44,432004,6/19/2025,4,102.1,,0,0,0,0,0,0,2,2,,,,0,0,0,,1,0,NoDisease,,Recheck,
12345678,RV,MJ,6/20/2025,6/24/2025 19:27,432006,6/19/2025,1,101.8,,0,0,0,0,0,0,1,1,,,,2,0,0,,0,2,Diarrhea,,,Treatable
12345678,RV,MJ,6/21/2025,6/24/2025 20:41,432006,6/19/2025,2,102.3,,0,0,0,0,0,0,2,2,,,,0,1,0,,1,0,NoDisease,,Recheck,
12345678,RV,MJ,6/22/2025,6/22/2025 12:32,432006,6/19/2025,3,101.6,,0,0,0,0,0,0,1,1,,,,0,0,0,,0,0,NoDisease,,,
12345678,RV,MJ,6/23/2025,6/23/2025 5:28,432006,6/19/2025,4,102.1,,0,0,0,0,0,0,2,2,,,,0,0,0,,1,0,NoDisease,,Recheck,
12345678,RV,MJ,6/20/2025,6/24/2025 19:29,432007,6/19/2025,1,102.9,,0,0,0,0,0,0,2,2,,,,2,0,0,,1,2,Diarrhea,,,Treatable
12345678,RV,MJ,6/21/2025,6/24/2025 20:45,432007,6/19/2025,2,102.5,,0,0,0,0,0,0,2,2,,,,0,0,0,,1,0,NoDisease,,Recheck,
12345678,RV,MJ,6/22/2025,6/22/2025 12:51,432007,6/19/2025,3,104.3,,0,0,0,0,0,0,3,3,,,,0,0,0,,1,0,ElevatedTemperature,,Recheck,
12345678,RV,MJ,6/23/2025,6/23/2025 5:43,432007,6/19/2025,4,103.1,,0,0,0,0,0,0,3,3,,,,0,0,0,,1,0,ElevatedTemperature,,Recheck,
12345678,RV,MJ,6/20/2025,6/24/2025 20:28,432008,6/19/2025,1,102.2,,0,1,0,0,0,0,2,2,,,,0,1,0,,1,0,NoDisease,,Recheck,
12345678,RV,MJ,6/21/2025,6/24/2025 20:45,432008,6/19/2025,2,103.2,,0,0,0,0,0,0,3,3,,,,0,0,0,,1,0,ElevatedTemperature,,Recheck,
12345678,RV,MJ,6/22/2025,6/22/2025 12:48,432008,6/19/2025,3,103.1,,0,0,0,0,0,0,3,3,,,,0,0,0,,1,0,ElevatedTemperature,,Recheck,
12345678,RV,MJ,6/23/2025,6/23/2025 5:41,432008,6/19/2025,4,101.8,,0,0,0,0,0,0,1,1,,,,0,0,0,,0,0,NoDisease,,,
12345678,RV,MJ,6/20/2025,6/24/2025 19:45,432009,6/19/2025,1,101.7,,0,0,0,0,0,0,1,1,,,,0,0,0,,0,0,NoDisease,,,
12345678,RV,MJ,6/21/2025,6/24/2025 20:40,432009,6/19/2025,2,102.4,,0,0,0,0,0,0,2,2,,,,0,1,0,,1,0,NoDisease,,Recheck,
12345678,RV,MJ,6/22/2025,6/22/2025 12:30,432009,6/19/2025,3,103.5,,0,0,0,0,0,0,3,3,,,,0,0,0,,1,0,ElevatedTemperature,,Recheck,
12345678,RV,MJ,6/23/2025,6/23/2025 5:26,432009,6/19/2025,4,104.1,,0,0,0,0,0,0,3,3,,,,0,0,0,,1,0,ElevatedTemperature,,Recheck,
12345678,RV,MJ,6/20/2025,6/24/2025 19:29,432018,6/19/2025,1,102.5,,0,1,0,0,0,0,2,2,,,,3,0,0,,1,2,Diarrhea,,,Treatable
12345678,RV,MJ,6/21/2025,6/24/2025 20:47,432018,6/19/2025,2,101.4,,0,0,0,0,0,0,1,1,,,,2,0,0,,0,2,Diarrhea,,,Treatable
12345678,RV,MJ,6/22/2025,6/22/2025 12:54,432018,6/19/2025,3,105.7,,0,0,0,0,0,0,3,3,,,,1,0,0,,1,0,ElevatedTemperature,,Recheck,
12345678,RV,MJ,6/23/2025,6/23/2025 5:46,432018,6/19/2025,4,102.1,,0,0,0,0,0,0,2,2,,,,0,0,0,,1,0,NoDisease,,Recheck,
12345678,RV,MJ,6/20/2025,6/24/2025 20:27,432019,6/19/2025,1,103,,0,0,1,0,0,0,3,4,,,,0,0,0,,1,0,ElevatedTemperature,,Recheck,
12345678,RV,MJ,6/21/2025,6/24/2025 20:44,432019,6/19/2025,2,103.2,,0,0,0,0,0,0,3,3,,,,0,0,0,,1,0,ElevatedTemperature,,Recheck,
12345678,RV,MJ,6/22/2025,6/22/2025 12:40,432019,6/19/2025,3,102.4,,0,0,0,0,0,0,2,2,,,,0,0,0,,1,0,NoDisease,,Recheck,
12345678,RV,MJ,6/23/2025,6/23/2025 5:36,432019,6/19/2025,4,102.5,,0,0,0,0,0,0,2,2,,,,0,0,0,,1,0,NoDisease,,Recheck,
12345678,RV,MJ,6/20/2025,6/24/2025 20:29,432020,6/19/2025,1,101.8,,0,0,0,0,0,0,1,1,,,,0,0,0,,0,0,NoDisease,,,
12345678,RV,MJ,6/21/2025,6/24/2025 20:47,432020,6/19/2025,2,103.5,,0,0,0,0,0,0,3,3,,,,0,0,0,,1,0,ElevatedTemperature,,Recheck,
12345678,RV,MJ,6/22/2025,6/22/2025 12:56,432020,6/19/2025,3,103.7,,0,0,0,0,0,0,3,3,,,,0,1,0,,1,0,ElevatedTemperature,,Recheck,
12345678,RV,MJ,6/23/2025,6/23/2025 5:51,432020,6/19/2025,4,103,,0,0,0,0,0,0,3,3,,,,0,1,0,,1,0,ElevatedTemperature,,Recheck,
12345678,RV,MJ,6/20/2025,6/24/2025 20:34,432022,6/19/2025,1,102.1,,0,0,0,0,0,0,2,2,,,,0,0,0,,1,0,NoDisease,,Recheck,
12345678,RV,MJ,6/21/2025,6/24/2025 21:05,432022,6/19/2025,2,102.2,,0,0,0,0,0,0,2,2,,,,0,0,0,,1,0,NoDisease,,Recheck,
12345678,RV,MJ,6/22/2025,6/22/2025 13:33,432022,6/19/2025,3,101.9,,0,0,0,0,0,0,1,1,,,,0,1,0,432022,0,0,NoDisease,,,
12345678,RV,MJ,6/23/2025,6/23/2025 6:16,432022,6/19/2025,4,102.5,,0,0,0,0,0,0,2,2,,,,0,0,0,,1,0,NoDisease,,Recheck,
12345678,RV,MJ,6/20/2025,6/24/2025 20:25,432024,6/19/2025,1,103.7,,0,0,1,0,0,0,3,4,,,,0,0,0,,1,0,ElevatedTemperature,,Recheck,
12345678,RV,MJ,6/21/2025,6/24/2025 20:41,432024,6/19/2025,2,103.6,,0,0,0,0,0,0,3,3,,,,0,0,0,,1,0,ElevatedTemperature,,Recheck,
12345678,RV,MJ,6/22/2025,6/22/2025 12:33,432024,6/19/2025,3,102.3,,0,0,0,0,0,0,2,2,,,,0,0,0,,1,0,NoDisease,,Recheck,
12345678,RV,MJ,6/23/2025,6/23/2025 5:29,432024,6/19/2025,4,101.6,,0,0,0,0,0,0,1,1,,,,0,0,0,,0,0,NoDisease,,,
12345678,RV,MJ,6/21/2025,6/24/2025 21:04,432026,6/19/2025,2,103.1,,0,0,0,0,0,0,3,3,,,,0,1,0,,1,0,ElevatedTemperature,,Recheck,
12345678,RV,MJ,6/22/2025,6/22/2025 13:29,432026,6/19/2025,3,103.8,,0,0,0,0,0,0,3,3,,,,0,1,0,,1,0,ElevatedTemperature,,Recheck,
12345678,RV,MJ,6/23/2025,6/23/2025 6:12,432026,6/19/2025,4,102.4,,0,0,0,0,0,0,2,2,,,,0,0,0,,1,0,NoDisease,,Recheck,
12345678,RV,MJ,6/21/2025,6/24/2025 20:59,432027,6/19/2025,2,102.3,,0,0,0,0,0,0,2,2,,,,0,0,0,,1,0,NoDisease,,Recheck,
12345678,RV,MJ,6/22/2025,6/22/2025 13:14,432027,6/19/2025,3,101.8,,0,0,0,0,0,0,1,1,,,,0,0,0,,0,0,NoDisease,,,
12345678,RV,MJ,6/23/2025,6/23/2025 5:58,432027,6/19/2025,4,101.6,,0,0,0,0,0,0,1,1,,,,0,0,0,,0,0,NoDisease,,,
12345678,RV,MJ,6/20/2025,6/24/2025 20:33,432028,6/19/2025,1,102.5,,0,0,0,0,0,0,2,2,,,,0,0,0,,1,0,NoDisease,,Recheck,
12345678,RV,MJ,6/21/2025,6/24/2025 21:02,432028,6/19/2025,2,102.4,,0,0,0,0,0,0,2,2,,,,0,0,0,,1,0,NoDisease,,Recheck,
12345678,RV,MJ,6/22/2025,6/22/2025 13:26,432028,6/19/2025,3,104.5,,0,0,0,0,0,0,3,3,,,,1,0,0,,1,0,ElevatedTemperature,,Recheck,
12345678,RV,MJ,6/23/2025,6/23/2025 6:09,432028,6/19/2025,4,102.2,,0,1,0,0,0,0,2,2,,,,0,0,0,,1,0,NoDisease,,Recheck,
12345678,RV,MJ,6/20/2025,6/24/2025 19:27,432029,6/19/2025,1,101.9,,0,0,0,0,0,0,1,1,,,,0,0,0,,0,0,NoDisease,,,
12345678,RV,MJ,6/21/2025,6/24/2025 20:43,432029,6/19/2025,2,102.5,,0,0,0,0,0,0,2,2,,,,0,0,0,,1,0,NoDisease,,Recheck,
12345678,RV,MJ,6/22/2025,6/22/2025 12:39,432029,6/19/2025,3,102.5,,0,0,0,0,0,0,2,2,,,,0,0,0,,1,0,NoDisease,,Recheck,
12345678,RV,MJ,6/23/2025,6/23/2025 5:35,432029,6/19/2025,4,103.5,,0,0,0,0,0,0,3,3,4,,LobarPneumonia,0,0,0,,1,0,ElevatedTemperature,SubclinicalLobarPneumonia,Recheck,
12345678,RV,MJ,6/20/2025,6/24/2025 19:26,432031,6/19/2025,1,101.3,,0,0,0,0,0,0,1,1,,,,0,0,0,,0,0,NoDisease,,,
12345678,RV,MJ,6/21/2025,6/24/2025 20:37,432031,6/19/2025,2,103.1,,0,0,0,0,0,0,3,3,,,,0,1,0,,1,0,ElevatedTemperature,,Recheck,
12345678,RV,MJ,6/22/2025,6/22/2025 12:25,432031,6/19/2025,3,102.6,,0,0,0,0,0,0,2,2,,,,0,0,0,,1,0,NoDisease,,Recheck,
12345678,RV,MJ,6/23/2025,6/23/2025 5:21,432031,6/19/2025,4,102.8,,0,0,0,0,0,0,2,2,,,,0,0,0,,1,0,NoDisease,,Recheck,
12345678,RV,MJ,6/20/2025,6/24/2025 19:26,432032,6/19/2025,1,101.7,,0,0,0,0,0,0,1,1,,,,0,0,0,,0,0,NoDisease,,,
12345678,RV,MJ,6/21/2025,6/24/2025 20:39,432032,6/19/2025,2,102.6,,0,0,0,0,0,0,2,2,,,,0,0,0,,1,0,NoDisease,,Recheck,
12345678,RV,MJ,6/22/2025,6/22/2025 12:29,432032,6/19/2025,3,101.2,,0,0,0,0,0,0,1,1,,,,0,0,0,,0,0,NoDisease,,,
12345678,RV,MJ,6/23/2025,6/23/2025 5:25,432032,6/19/2025,4,101.6,,0,0,0,0,0,0,1,1,,,,0,0,0,,0,0,NoDisease,,,
12345678,RV,MJ,6/20/2025,6/24/2025 20:31,432035,6/19/2025,1,101.9,,0,0,0,0,0,0,1,1,,,,0,0,0,,0,0,NoDisease,,,
12345678,RV,MJ,6/21/2025,6/24/2025 21:00,432035,6/19/2025,2,102.1,,0,0,0,0,0,0,2,2,,,,0,0,0,,1,0,NoDisease,,Recheck,
12345678,RV,MJ,6/22/2025,6/22/2025 13:19,432035,6/19/2025,3,103.7,,0,0,0,0,0,0,3,3,,,,0,0,0,,1,0,ElevatedTemperature,,Recheck,
12345678,RV,MJ,6/23/2025,6/23/2025 6:02,432035,6/19/2025,4,101.9,,0,0,0,0,0,0,3,3,,,,0,0,0,,1,0,ElevatedTemperature,,Recheck,
12345678,RV,MJ,6/20/2025,6/24/2025 20:30,432038,6/19/2025,1,102.6,,0,0,0,0,0,0,2,2,,,,0,0,0,,1,0,NoDisease,,Recheck,
12345678,RV,MJ,6/21/2025,6/24/2025 20:58,432038,6/19/2025,2,103.2,,0,0,0,0,0,0,3,3,,,,0,1,0,,1,0,ElevatedTemperature,,Recheck,
12345678,RV,MJ,6/22/2025,6/22/2025 13:06,432038,6/19/2025,3,102.3,,0,0,0,0,0,0,2,2,,,,0,1,0,,1,0,NoDisease,,Recheck,
12345678,RV,MJ,6/23/2025,6/23/2025 5:56,432038,6/19/2025,4,102.6,,0,1,0,0,0,0,2,2,,,,0,1,0,,1,0,NoDisease,,Recheck,
12345678,RV,MJ,6/20/2025,6/24/2025 19:42,432040,6/19/2025,1,102.2,,0,0,0,0,0,0,2,2,,,,0,0,0,,1,0,NoDisease,,Recheck,
12345678,RV,MJ,6/21/2025,6/24/2025 20:42,432040,6/19/2025,2,103.5,,0,0,0,0,0,0,3,3,,,,3,0,0,,1,2,ElevatedTemperature_Diarrhea,,,Treatable
12345678,RV,MJ,6/22/2025,6/22/2025 12:35,432040,6/19/2025,3,104,,0,0,0,0,0,0,3,3,,,,1,0,0,,1,0,ElevatedTemperature,,Recheck,
12345678,RV,MJ,6/23/2025,6/23/2025 5:31,432040,6/19/2025,4,103.8,,0,0,0,0,0,0,3,3,,,,0,0,0,,1,0,ElevatedTemperature,,Recheck,
12345678,RV,MJ,6/20/2025,6/24/2025 20:28,432044,6/19/2025,1,102.5,,0,0,0,0,0,0,2,2,,,,0,0,0,,1,0,NoDisease,,Recheck,
12345678,RV,MJ,6/22/2025,6/22/2025 12:52,432044,6/19/2025,3,102.7,,0,0,0,0,0,0,2,2,,,,0,0,0,,1,0,NoDisease,,Recheck,
12345678,RV,MJ,6/20/2025,6/24/2025 20:29,432045,6/19/2025,1,102.2,,0,0,0,0,0,0,2,2,,,,0,1,0,,1,0,NoDisease,,Recheck,
12345678,RV,MJ,6/21/2025,6/24/2025 20:49,432045,6/19/2025,2,103.3,,0,0,0,0,0,0,3,3,,,,0,0,0,,1,0,ElevatedTemperature,,Recheck,
12345678,RV,MJ,6/22/2025,6/22/2025 13:03,432045,6/19/2025,3,103,,0,0,0,0,0,0,3,3,,,,0,0,0,,1,0,ElevatedTemperature,,Recheck,
12345678,RV,MJ,6/23/2025,6/23/2025 5:54,432045,6/19/2025,4,101.2,,0,0,0,0,0,0,1,1,,,,0,0,0,,0,0,NoDisease,,,
12345678,RV,MJ,6/20/2025,6/24/2025 19:41,432048,6/19/2025,1,102.7,,0,1,0,0,3,0,2,5,,,,0,0,0,,3,0,RespiratoryDisease_Otitis,,,Treatable
12345678,RV,MJ,6/21/2025,6/24/2025 21:04,432048,6/19/2025,2,105.4,,0,0,0,0,0,0,3,3,,,,0,0,0,,1,0,ElevatedTemperature,,Recheck,
12345678,RV,MJ,6/20/2025,6/24/2025 19:39,432050,6/19/2025,1,101,,0,0,0,0,0,0,1,1,,,,0,0,0,,0,0,NoDisease,,,
12345678,RV,MJ,6/21/2025,6/24/2025 21:01,432050,6/19/2025,2,102.7,,0,0,0,0,0,0,2,2,,,,0,0,0,,1,0,NoDisease,,Recheck,
12345678,RV,MJ,6/23/2025,6/23/2025 6:03,432050,6/19/2025,4,100.7,,0,0,0,0,0,0,0,0,,,,0,0,0,,0,0,NoDisease,,,
12345678,RV,MJ,6/20/2025,6/24/2025 19:44,432051,6/19/2025,1,104.4,,0,0,0,0,0,0,3,3,,,,0,1,0,,1,0,ElevatedTemperature,,Recheck,
12345678,RV,MJ,6/21/2025,6/24/2025 20:36,432051,6/19/2025,2,107.6,,0,0,0,0,0,0,3,3,,,,0,1,1,,1,0,ElevatedTemperature,,Recheck,
12345678,RV,MJ,6/22/2025,6/22/2025 13:31,432048,6/20/2025,3,103.6,,0,0,0,0,0,0,3,3,,,,0,0,0,,1,0,ElevatedTemperature,,Recheck,
12345678,RV,MJ,6/23/2025,6/23/2025 6:14,432048,6/20/2025,3,103.1,,0,0,0,0,0,0,3,3,,,,0,0,0,,1,0,ElevatedTemperature,,Recheck,
12345678,RV,MJ,6/22/2025,6/22/2025 13:20,432050,6/20/2025,3,101.1,,0,0,0,0,0,0,1,1,,,,0,0,0,,0,0,NoDisease,,,
12345678,RV,MJ,7/25/2025,7/25/2025 11:46,433954,7/24/2025,1,102.5,,0,0,0,0,0,0,2,2,,,,0,0,0,,1,0,NoDisease,,Recheck,
12345678,RV,MJ,7/26/2025,7/26/2025 11:47,433954,7/24/2025,2,100.8,,0,0,0,0,0,0,0,0,,,,0,0,0,,0,0,NoDisease,,,
12345678,RV,MJ,7/27/2025,7/27/2025 11:50,433954,7/24/2025,3,102.9,,0,0,0,0,0,0,2,2,,,,1,0,0,,1,0,NoDisease,,Recheck,
12345678,RV,MJ,7/28/2025,7/28/2025 5:45,433954,7/24/2025,4,101.2,,0,0,0,0,0,0,1,1,,,,0,0,0,,0,0,NoDisease,,,
12345678,RV,MJ,7/25/2025,7/25/2025 11:44,433958,7/24/2025,1,102.6,,0,0,0,0,0,0,2,2,,,,0,2,0,,1,2,Navel,,,Treatable
12345678,RV,MJ,7/26/2025,7/26/2025 11:43,433958,7/24/2025,2,100.4,,0,0,0,0,0,0,0,0,,,,0,0,0,,0,0,NoDisease,,,
12345678,RV,MJ,7/27/2025,7/27/2025 11:47,433958,7/24/2025,3,102.8,,0,0,0,0,0,0,2,2,,,,0,1,0,,1,0,NoDisease,,Recheck,
12345678,RV,MJ,7/28/2025,7/28/2025 5:41,433958,7/24/2025,4,101.5,,0,0,0,0,0,0,1,1,,,,0,0,0,,0,0,NoDisease,,,
12345678,RV,MJ,7/25/2025,7/25/2025 11:49,433959,7/24/2025,1,103.6,,0,0,0,0,0,0,3,3,,,,0,2,0,,1,2,ElevatedTemperature_Navel,,,Treatable
12345678,RV,MJ,7/26/2025,7/26/2025 11:52,433959,7/24/2025,2,102.9,,0,0,0,0,0,0,2,2,,,,0,2,0,,1,2,Navel,,,Treatable
12345678,RV,MJ,7/27/2025,7/27/2025 11:54,433959,7/24/2025,3,103.6,,0,0,0,0,0,0,3,3,,,,3,1,0,,1,2,ElevatedTemperature_Diarrhea,,,Treatable
12345678,RV,MJ,7/28/2025,7/28/2025 5:50,433959,7/24/2025,4,101.9,,0,0,0,0,0,0,1,1,,,,2,0,0,,0,2,Diarrhea,,,Treatable
12345678,RV,MJ,7/25/2025,7/25/2025 11:44,433960,7/24/2025,1,103.3,,0,0,0,0,0,0,3,3,,,,0,0,0,,1,0,ElevatedTemperature,,Recheck,
12345678,RV,MJ,7/26/2025,7/26/2025 11:44,433960,7/24/2025,2,102.2,,0,0,0,0,0,0,2,2,,,,0,0,0,,1,0,NoDisease,,Recheck,
12345678,RV,MJ,7/27/2025,7/27/2025 11:48,433960,7/24/2025,3,102.4,,0,0,0,0,0,0,2,2,,,,0,0,0,,1,0,NoDisease,,Recheck,
12345678,RV,MJ,7/28/2025,7/28/2025 5:42,433960,7/24/2025,4,101.9,,0,0,0,0,0,0,1,1,,,,0,0,0,,0,0,NoDisease,,,
12345678,RV,MJ,7/25/2025,7/25/2025 11:53,433965,7/24/2025,1,100.3,,0,0,0,0,0,0,0,0,,,,0,0,0,,0,0,NoDisease,,,
12345678,RV,MJ,7/26/2025,7/26/2025 11:57,433965,7/24/2025,2,102.1,,0,0,0,0,0,0,2,2,,,,0,0,0,,1,0,NoDisease,,Recheck,
12345678,RV,MJ,7/27/2025,7/27/2025 11:58,433965,7/24/2025,3,101.7,,0,0,0,0,0,0,1,1,,,,1,0,0,,0,0,NoDisease,,,
12345678,RV,MJ,7/28/2025,7/28/2025 5:56,433965,7/24/2025,4,102.4,,0,0,0,0,0,0,2,2,,,,0,0,0,,1,0,NoDisease,,Recheck,
12345678,RV,MJ,7/25/2025,7/25/2025 11:47,433967,7/24/2025,1,103,,0,0,0,0,0,0,3,3,,,,0,0,0,,1,0,ElevatedTemperature,,Recheck,
12345678,RV,MJ,7/26/2025,7/26/2025 11:50,433967,7/24/2025,2,103.1,,0,0,0,0,0,0,3,3,,,,0,0,0,,1,0,ElevatedTemperature,,Recheck,
12345678,RV,MJ,7/27/2025,7/27/2025 11:51,433967,7/24/2025,3,101.9,,0,0,0,0,0,0,1,1,,,,0,0,0,,0,0,NoDisease,,,
12345678,RV,MJ,7/28/2025,7/28/2025 5:47,433967,7/24/2025,4,101.1,,0,0,0,0,0,0,1,1,,,,0,0,0,,0,0,NoDisease,,,
12345678,RV,MJ,7/25/2025,7/25/2025 12:04,433969,7/24/2025,1,102.4,,0,0,0,0,0,0,2,2,,,,1,2,0,,1,2,Navel,,,Treatable
12345678,RV,MJ,7/26/2025,7/26/2025 12:16,433969,7/24/2025,2,101.1,,0,0,0,0,0,0,1,1,,,,0,1,0,,0,0,NoDisease,,,
12345678,RV,MJ,7/27/2025,7/27/2025 12:13,433969,7/24/2025,3,102.9,,0,0,0,0,0,0,2,2,,,,0,0,0,,1,0,NoDisease,,Recheck,
12345678,RV,MJ,7/28/2025,7/28/2025 6:15,433969,7/24/2025,4,101.7,,0,0,0,0,0,0,1,1,,,,0,0,0,,0,0,NoDisease,,,
12345678,RV,MJ,7/25/2025,7/25/2025 11:51,433970,7/24/2025,1,102.5,,0,0,0,0,0,0,2,2,,,,0,0,0,,1,0,NoDisease,,Recheck,
12345678,RV,MJ,7/26/2025,7/26/2025 11:55,433970,7/24/2025,2,102.3,,0,0,0,0,0,0,2,2,,,,0,0,0,,1,0,NoDisease,,Recheck,
12345678,RV,MJ,7/27/2025,7/27/2025 11:56,433970,7/24/2025,3,103.5,,0,0,0,0,0,0,3,3,,,,0,0,0,,1,0,ElevatedTemperature,,Recheck,
12345678,RV,MJ,7/28/2025,7/28/2025 5:53,433970,7/24/2025,4,101.9,,0,0,0,0,0,0,1,1,,,,0,0,0,,0,0,NoDisease,,,
12345678,RV,MJ,7/25/2025,7/25/2025 12:05,433971,7/24/2025,1,102.8,,0,0,0,0,0,0,2,2,,,,0,0,0,,1,0,NoDisease,,Recheck,
12345678,RV,MJ,7/26/2025,7/26/2025 12:17,433971,7/24/2025,2,103.1,,0,0,0,0,0,0,3,3,,,,1,0,0,,1,0,ElevatedTemperature,,Recheck,
12345678,RV,MJ,7/27/2025,7/27/2025 12:14,433971,7/24/2025,3,103.9,,0,0,0,0,0,0,3,3,,,,1,1,0,,1,0,ElevatedTemperature,,Recheck,
12345678,RV,MJ,7/28/2025,7/28/2025 6:16,433971,7/24/2025,4,103.1,,0,0,0,0,0,0,3,3,,,,0,0,0,,1,0,ElevatedTemperature,,Recheck,
12345678,RV,MJ,7/25/2025,7/25/2025 11:56,433975,7/24/2025,1,102.3,,0,0,0,0,0,0,2,2,,,,0,0,0,,1,0,NoDisease,,Recheck,
12345678,RV,MJ,7/26/2025,7/26/2025 12:03,433975,7/24/2025,2,102.4,,0,0,0,0,0,0,2,2,,,,0,0,0,,1,0,NoDisease,,Recheck,
12345678,RV,MJ,7/27/2025,7/27/2025 12:02,433975,7/24/2025,3,103.2,,0,0,0,0,0,0,3,3,,,,0,0,0,,1,0,ElevatedTemperature,,Recheck,
12345678,RV,MJ,7/28/2025,7/28/2025 6:01,433975,7/24/2025,4,102.5,,0,0,0,0,0,0,2,2,,,,0,0,0,,1,0,NoDisease,,Recheck,
12345678,RV,MJ,7/25/2025,7/25/2025 11:49,433978,7/24/2025,1,102,,0,0,0,0,0,0,2,2,,,,0,0,0,,1,0,NoDisease,,Recheck,
12345678,RV,MJ,7/26/2025,7/26/2025 11:54,433978,7/24/2025,2,101.7,,0,0,0,0,0,0,1,1,,,,0,0,0,,0,0,NoDisease,,,
12345678,RV,MJ,7/27/2025,7/27/2025 11:55,433978,7/24/2025,3,101,,0,0,0,0,0,0,1,1,,,,0,0,0,,0,0,NoDisease,,,
12345678,RV,MJ,7/28/2025,7/28/2025 5:51,433978,7/24/2025,4,99.9,,0,0,0,0,0,0,0,0,,,,0,0,0,,0,0,NoDisease,,,
12345678,RV,MJ,7/25/2025,7/25/2025 11:52,433979,7/24/2025,1,102.2,,0,0,0,0,0,0,2,2,,,,0,0,0,,1,0,NoDisease,,Recheck,
12345678,RV,MJ,7/26/2025,7/26/2025 11:56,433979,7/24/2025,2,101.7,,0,0,0,0,0,0,1,1,,,,0,1,0,,0,0,NoDisease,,,
12345678,RV,MJ,7/27/2025,7/27/2025 11:57,433979,7/24/2025,3,102,,0,0,0,0,0,0,2,2,,,,0,2,0,,1,2,Navel,,,Treatable
12345678,RV,MJ,7/28/2025,7/28/2025 5:54,433979,7/24/2025,4,102.6,,0,0,0,0,0,0,2,2,,,,0,0,0,,1,0,NoDisease,,Recheck,
12345678,RV,MJ,7/25/2025,7/25/2025 11:57,433980,7/24/2025,1,103.4,,0,0,0,0,0,0,3,3,,,,0,0,0,,1,0,ElevatedTemperature,,Recheck,
12345678,RV,MJ,7/26/2025,7/26/2025 12:06,433980,7/24/2025,2,102,,0,0,0,0,0,0,2,2,,,,0,0,0,,1,0,NoDisease,,Recheck,
12345678,RV,MJ,7/27/2025,7/27/2025 12:04,433980,7/24/2025,3,102.4,,0,0,0,0,0,0,2,2,,,,1,0,0,,1,0,NoDisease,,Recheck,
12345678,RV,MJ,7/28/2025,7/28/2025 6:03,433980,7/24/2025,4,102.2,,0,0,0,0,0,0,2,2,,,,0,0,0,,1,0,NoDisease,,Recheck,
12345678,RV,MJ,7/25/2025,7/25/2025 12:03,433981,7/24/2025,1,102.8,,0,0,0,0,0,0,2,2,,,,0,2,0,,1,2,Navel,,,Treatable
12345678,RV,MJ,7/26/2025,7/26/2025 12:15,433981,7/24/2025,2,102.5,,0,0,0,0,0,0,2,2,,,,0,2,0,,1,2,Navel,,,Treatable
12345678,RV,MJ,7/27/2025,7/27/2025 12:11,433981,7/24/2025,3,103.8,,0,0,0,0,0,0,3,3,,,,0,0,0,,1,0,ElevatedTemperature,,Recheck,
12345678,RV,MJ,7/28/2025,7/28/2025 6:14,433981,7/24/2025,4,103.2,,0,0,0,0,0,0,3,3,,,,0,0,0,,1,0,ElevatedTemperature,,Recheck,
12345678,RV,MJ,7/25/2025,7/25/2025 11:58,433982,7/24/2025,1,102.3,,0,0,0,0,0,0,2,2,,,,0,0,0,,1,0,NoDisease,,Recheck,
12345678,RV,MJ,7/26/2025,7/26/2025 12:07,433982,7/24/2025,2,101.9,,0,0,0,0,0,0,1,1,,,,0,0,0,,0,0,NoDisease,,,
12345678,RV,MJ,7/27/2025,7/27/2025 12:05,433982,7/24/2025,3,102.1,,0,0,0,0,0,0,2,2,,,,0,0,0,,1,0,NoDisease,,Recheck,
12345678,RV,MJ,7/28/2025,7/28/2025 6:05,433982,7/24/2025,4,100.7,,0,0,0,0,0,0,0,0,,,,0,0,0,,0,0,NoDisease,,,
12345678,RV,MJ,7/25/2025,7/25/2025 12:02,433984,7/24/2025,1,101.7,,0,0,0,0,0,0,1,1,,,,0,0,0,,0,0,NoDisease,,,
12345678,RV,MJ,7/26/2025,7/26/2025 12:13,433984,7/24/2025,2,101.8,,0,0,0,0,0,0,1,1,,,,0,0,0,,0,0,NoDisease,,,
12345678,RV,MJ,7/27/2025,7/27/2025 12:10,433984,7/24/2025,3,101.6,,0,0,0,0,0,0,1,1,,,,0,0,0,,0,0,NoDisease,,,
12345678,RV,MJ,7/28/2025,7/28/2025 6:12,433984,7/24/2025,4,102.6,,0,0,0,0,0,0,2,2,,,,0,0,0,,1,0,NoDisease,,Recheck,
12345678,RV,MJ,7/25/2025,7/25/2025 12:15,433988,7/24/2025,1,102.3,,0,0,0,0,0,0,2,2,,,,0,0,0,,1,0,NoDisease,,Recheck,
12345678,RV,MJ,7/26/2025,7/26/2025 12:17,433988,7/24/2025,2,102.7,,0,0,0,0,0,0,2,2,,,,0,2,0,,1,2,Navel,,,Treatable
12345678,RV,MJ,7/27/2025,7/27/2025 12:15,433988,7/24/2025,3,103,,0,0,0,0,0,0,3,3,,,,0,2,0,,1,2,ElevatedTemperature_Navel,,,Treatable
12345678,RV,MJ,7/28/2025,7/28/2025 6:18,433988,7/24/2025,4,101.8,,0,0,0,0,0,0,1,1,,,,0,1,0,,0,0,NoDisease,,,
12345678,RV,MJ,7/25/2025,7/25/2025 11:57,433994,7/24/2025,1,101.9,,0,0,0,0,0,0,1,1,,,,0,0,0,,0,0,NoDisease,,,
12345678,RV,MJ,7/26/2025,7/26/2025 12:04,433994,7/24/2025,2,102.1,,0,0,0,0,0,0,2,2,,,,0,0,0,,1,0,NoDisease,,Recheck,
12345678,RV,MJ,7/27/2025,7/27/2025 12:03,433994,7/24/2025,3,102.5,,0,0,0,0,0,0,2,2,,,,0,0,0,,1,0,NoDisease,,Recheck,
12345678,RV,MJ,7/28/2025,7/28/2025 6:02,433994,7/24/2025,4,101.2,,0,0,0,0,0,0,1,1,,,,0,0,0,,0,0,NoDisease,,,
12345678,RV,MJ,7/25/2025,7/25/2025 12:00,433995,7/24/2025,1,102.6,,0,0,0,0,0,0,2,2,,,,0,0,0,,1,0,NoDisease,,Recheck,
12345678,RV,MJ,7/26/2025,7/26/2025 12:10,433995,7/24/2025,2,103.6,,0,0,0,0,0,0,3,3,,,,2,0,0,,1,2,ElevatedTemperature_Diarrhea,,,Treatable
12345678,RV,MJ,7/27/2025,7/27/2025 12:08,433995,7/24/2025,3,103.3,,0,0,0,0,0,0,3,3,,,,2,0,0,,1,2,ElevatedTemperature_Diarrhea,,,Treatable
12345678,RV,MJ,7/28/2025,7/28/2025 6:08,433995,7/24/2025,4,102.5,,0,0,2,1,0,0,2,5,,,,2,0,0,,2,2,RespiratoryDisease_Diarrhea,,,Treatable
12345678,RV,MJ,7/25/2025,7/25/2025 11:47,433996,7/24/2025,1,102.7,,0,0,0,0,0,0,2,2,,,,0,0,0,,1,0,NoDisease,,Recheck,
12345678,RV,MJ,7/26/2025,7/26/2025 11:51,433996,7/24/2025,2,103.2,,0,0,0,0,0,0,3,3,,,,0,0,0,,1,0,ElevatedTemperature,,Recheck,
12345678,RV,MJ,7/27/2025,7/27/2025 11:53,433996,7/24/2025,3,103.3,,0,0,0,0,0,0,3,3,,,,0,1,0,,1,0,ElevatedTemperature,,Recheck,
12345678,RV,MJ,7/28/2025,7/28/2025 5:48,433996,7/24/2025,4,102.9,,0,0,0,0,0,0,2,2,,,,0,1,0,,1,0,NoDisease,,Recheck,
12345678,RV,MJ,7/25/2025,7/25/2025 12:01,434000,7/24/2025,1,102.3,,0,0,0,0,0,0,2,2,,,,0,0,0,,1,0,NoDisease,,Recheck,
12345678,RV,MJ,7/26/2025,7/26/2025 12:12,434000,7/24/2025,2,100.8,,0,0,0,0,0,0,0,0,,,,0,1,0,,0,0,NoDisease,,,
12345678,RV,MJ,7/27/2025,7/27/2025 12:09,434000,7/24/2025,3,103.1,,0,0,0,0,0,0,3,3,,,,0,1,0,,1,0,ElevatedTemperature,,Recheck,
12345678,RV,MJ,7/28/2025,7/28/2025 6:11,434000,7/24/2025,4,101.2,,0,0,0,0,0,0,1,1,,,,0,0,0,,0,0,NoDisease,,,
12345678,RV,MJ,7/26/2025,7/26/2025 12:01,434002,7/24/2025,2,101.8,,0,0,0,0,0,0,1,1,,,,0,0,0,,0,0,NoDisease,,,
12345678,RV,MJ,7/28/2025,7/28/2025 5:59,434002,7/24/2025,4,100.9,,0,0,0,0,0,0,0,0,,,,0,0,0,,0,0,NoDisease,,,
12345678,RV,MJ,7/25/2025,7/25/2025 11:55,434002,7/24/2025,1,102.7,,0,0,0,0,0,0,2,2,,,,0,0,0,,1,0,NoDisease,,Recheck,
12345678,RV,MJ,7/27/2025,7/27/2025 12:01,434002,7/24/2025,3,103.2,,0,0,0,0,0,0,3,3,,,,2,0,0,,1,2,ElevatedTemperature_Diarrhea,,,Treatable
12345678,RV,MJ,7/25/2025,7/25/2025 11:42,449432,7/24/2025,1,102.2,,0,0,0,0,0,0,2,2,,,,0,0,0,,1,0,NoDisease,,Recheck,
12345678,RV,MJ,7/26/2025,7/26/2025 11:42,449432,7/24/2025,2,102.4,,0,0,0,0,0,0,2,2,,,,0,1,0,,1,0,NoDisease,,Recheck,
12345678,RV,MJ,7/27/2025,7/27/2025 11:45,449432,7/24/2025,3,102.9,,0,0,0,0,0,0,2,2,,,,0,0,0,,1,0,NoDisease,,Recheck,
12345678,RV,MJ,7/28/2025,7/28/2025 5:39,449432,7/24/2025,4,102.1,,0,0,0,0,0,0,2,2,,,,0,0,0,,1,0,NoDisease,,Recheck,
12345678,RV,MJ,7/25/2025,7/25/2025 11:41,449435,7/24/2025,1,102.1,,0,0,0,0,0,0,2,2,,,,0,0,0,,1,0,NoDisease,,Recheck,
12345678,RV,MJ,7/26/2025,7/26/2025 11:39,449435,7/24/2025,2,101.9,,0,0,0,0,0,0,1,1,,,,0,1,0,,0,0,NoDisease,,,
12345678,RV,MJ,7/27/2025,7/27/2025 11:43,449435,7/24/2025,3,102.4,,0,0,0,0,0,0,2,2,,,,0,0,0,,1,0,NoDisease,,Recheck,
12345678,RV,MJ,7/28/2025,7/28/2025 5:35,449435,7/24/2025,4,101.8,,0,0,0,0,0,0,1,1,,,,0,0,0,,0,0,NoDisease,,,
12345678,RV,MJ,7/25/2025,7/25/2025 11:45,449438,7/24/2025,1,102.8,,0,0,0,0,0,0,2,2,,,,1,1,0,,1,0,NoDisease,,Recheck,
12345678,RV,MJ,7/26/2025,7/26/2025 11:46,449438,7/24/2025,2,102.5,,0,0,0,0,0,0,2,2,,,,0,1,0,,1,0,NoDisease,,Recheck,
12345678,RV,MJ,7/27/2025,7/27/2025 11:49,449438,7/24/2025,3,103.9,,0,0,0,0,0,0,3,3,,,,0,2,0,,1,2,ElevatedTemperature_Navel,,,Treatable
12345678,RV,MJ,7/28/2025,7/28/2025 5:44,449438,7/24/2025,4,102.2,,0,0,0,0,0,0,2,2,,,,0,1,0,,1,0,NoDisease,,Recheck,
12345678,RV,MJ,7/25/2025,7/25/2025 11:42,449439,7/24/2025,1,103.6,,0,0,0,0,0,0,3,3,,,,0,1,0,,1,0,ElevatedTemperature,,Recheck,
12345678,RV,MJ,7/26/2025,7/26/2025 11:40,449439,7/24/2025,2,102.6,,0,0,0,0,0,0,2,2,,,,1,2,0,,1,2,Navel,,,Treatable
12345678,RV,MJ,7/27/2025,7/27/2025 11:44,449439,7/24/2025,3,103.9,,0,0,0,0,0,0,3,3,,,,0,2,1,,1,2,ElevatedTemperature_Navel,,,Treatable
12345678,RV,MJ,7/28/2025,7/28/2025 5:37,449439,7/24/2025,4,102.8,,0,0,0,0,0,0,2,2,,,,0,1,0,,1,0,NoDisease,,Recheck,
12345678,RV,MJ,7/25/2025,7/25/2025 11:54,449441,7/24/2025,1,101.9,,0,0,0,0,0,0,1,1,,,,0,0,0,,0,0,NoDisease,,,
12345678,RV,MJ,7/26/2025,7/26/2025 11:59,449441,7/24/2025,2,102,,0,0,0,0,0,0,2,2,,,,0,0,0,,1,0,NoDisease,,Recheck,
12345678,RV,MJ,7/27/2025,7/27/2025 11:59,449441,7/24/2025,3,101.8,,0,0,0,0,0,0,1,1,,,,0,1,0,,0,0,NoDisease,,,
12345678,RV,MJ,7/28/2025,7/28/2025 5:57,449441,7/24/2025,4,102.2,,0,0,0,0,0,0,2,2,,,,0,1,0,,1,0,NoDisease,,Recheck,
12345678,RV,MJ,7/25/2025,7/25/2025 11:59,449444,7/24/2025,1,102.9,,0,0,0,0,0,0,2,2,,,,0,0,0,,1,0,NoDisease,,Recheck,
12345678,RV,MJ,7/26/2025,7/26/2025 12:09,449444,7/24/2025,2,102.7,,0,0,0,0,0,0,2,2,,,,1,0,0,,1,0,NoDisease,,Recheck,
12345678,RV,MJ,7/27/2025,7/27/2025 12:06,449444,7/24/2025,3,103.2,,0,0,0,0,0,0,3,3,,,,0,0,0,,1,0,ElevatedTemperature,,Recheck,
12345678,RV,MJ,7/28/2025,7/28/2025 6:06,449444,7/24/2025,4,101.2,,0,0,0,0,0,0,1,1,,,,0,0,0,,0,0,NoDisease,,,
12345678,RV,MJ,7/25/2025,7/25/2025 11:39,449449,7/24/2025,1,103.3,,0,0,0,0,0,0,3,3,,,,0,1,0,,1,0,ElevatedTemperature,,Recheck,
12345678,RV,MJ,7/26/2025,7/26/2025 11:36,449449,7/24/2025,2,101.8,,0,0,0,0,0,0,1,1,,,,0,1,0,,0,0,NoDisease,,,
12345678,RV,MJ,7/27/2025,7/27/2025 11:40,449449,7/24/2025,3,103.7,,0,0,0,0,0,0,3,3,,,,0,1,0,,1,0,ElevatedTemperature,,Recheck,
12345678,RV,MJ,7/28/2025,7/28/2025 5:31,449449,7/24/2025,4,101.4,,0,0,0,0,0,0,1,1,,,,0,0,0,,0,0,NoDisease,,,
12345678,RV,MJ,7/25/2025,7/25/2025 11:40,449450,7/24/2025,1,100.9,,0,0,0,0,0,0,0,0,,,,0,0,0,,0,0,NoDisease,,,
12345678,RV,MJ,7/26/2025,7/26/2025 11:38,449450,7/24/2025,2,101,,0,0,0,0,0,0,1,1,,,,0,0,0,,0,0,NoDisease,,,
12345678,RV,MJ,7/27/2025,7/27/2025 11:41,449450,7/24/2025,3,101.9,,0,0,0,0,0,0,1,1,,,,1,0,0,,0,0,NoDisease,,,
12345678,RV,MJ,7/28/2025,7/28/2025 5:33,449450,7/24/2025,4,102.1,,0,0,0,0,0,0,2,2,,,,0,0,0,,1,0,NoDisease,,Recheck,
