"","CalfID","Calf.Age","BodyTemp","Appetite","Attitude","Nose","Eye","Ear","Cough","Temperature","Fecal","Navel","Joint","TRS","THS","BRD","Refuse","Scour","Fever","Sick","DiarSS","Study ID","FarmID","TRT","FOO","Egroup","AgeatEnroll","BWKg","Btime","Bdate","Edate","Etime","TP","HbpremgdL","HbpostmgdL"
"1",409818,2,101.8,0,0,0,0,0,0,1,0,0,0,1,1,0,0,0,0,0,"Normal",29,1409818,"B+N","CAD",1,30.68,35,09:40:00,"6/12/2025","6/13/2025",16:21:00,7.3,14,35
"2",409818,1,102.3,0,0,0,0,0,0,2,0,0,0,2,2,0,0,0,0,0,"Normal",29,1409818,"B+N","CAD",1,30.68,35,09:40:00,"6/12/2025","6/13/2025",16:21:00,7.3,14,35
"3",409818,4,102.8,0,0,0,0,0,0,2,0,0,0,2,2,0,0,0,0,0,"Normal",29,1409818,"B+N","CAD",1,30.68,35,09:40:00,"6/12/2025","6/13/2025",16:21:00,7.3,14,35
"4",409818,3,102.7,0,0,0,0,0,0,2,0,0,0,2,2,0,0,0,0,0,"Normal",29,1409818,"B+N","CAD",1,30.68,35,09:40:00,"6/12/2025","6/13/2025",16:21:00,7.3,14,35
"5",409820,2,101.5,0,0,0,0,0,0,1,0,0,0,1,1,0,0,0,0,0,"Normal",28,1409820,"BO","CAD",1,29.07,37.7,11:11:00,"6/12/2025","6/13/2025",16:15:00,6.8,15,14
"6",409820,3,103.1,0,0,0,0,0,0,3,0,0,0,3,3,0,0,0,0,0,"Normal",28,1409820,"BO","CAD",1,29.07,37.7,11:11:00,"6/12/2025","6/13/2025",16:15:00,6.8,15,14
"7",409820,4,101.2,0,0,0,0,0,0,1,0,0,0,1,1,0,0,0,0,0,"Normal",28,1409820,"BO","CAD",1,29.07,37.7,11:11:00,"6/12/2025","6/13/2025",16:15:00,6.8,15,14
"8",409820,1,102,0,0,0,0,0,0,2,0,0,0,2,2,0,0,0,0,0,"Normal",28,1409820,"BO","CAD",1,29.07,37.7,11:11:00,"6/12/2025","6/13/2025",16:15:00,6.8,15,14
"9",409821,1,102.3,0,0,0,0,0,0,2,0,1,0,2,3,0,0,0,0,0,"Normal",30,1409821,"LIDO","CAD",1,22.53,40.5,17:55:00,"6/12/2025","6/13/2025",16:27:00,7.2,14,14
"10",409821,4,101.5,0,0,0,0,0,0,1,0,0,0,1,1,0,0,0,0,0,"Normal",30,1409821,"LIDO","CAD",1,22.53,40.5,17:55:00,"6/12/2025","6/13/2025",16:27:00,7.2,14,14
"11",409821,2,101.8,0,0,0,1,0,0,1,0,1,0,2,3,0,0,0,0,0,"Normal",30,1409821,"LIDO","CAD",1,22.53,40.5,17:55:00,"6/12/2025","6/13/2025",16:27:00,7.2,14,14
"12",409821,3,102.1,0,0,0,0,0,0,2,0,1,0,2,3,0,0,0,0,0,"Normal",30,1409821,"LIDO","CAD",1,22.53,40.5,17:55:00,"6/12/2025","6/13/2025",16:27:00,7.2,14,14
"13",409922,4,101.7,0,0,0,0,0,0,1,0,0,0,1,1,0,0,0,0,0,"Normal",55,1409922,"B+N","CAD",2,34.37,40,04:10:00,"6/19/2025","6/20/2025",14:32:00,6.5,14,12
"14",409922,3,102.2,0,0,0,0,0,0,2,0,0,0,2,2,0,0,0,0,0,"Normal",55,1409922,"B+N","CAD",2,34.37,40,04:10:00,"6/19/2025","6/20/2025",14:32:00,6.5,14,12
"15",409922,2,102.6,0,0,0,0,0,0,2,0,0,0,2,2,0,0,0,0,0,"Normal",55,1409922,"B+N","CAD",2,34.37,40,04:10:00,"6/19/2025","6/20/2025",14:32:00,6.5,14,12
"16",409922,1,102.5,0,0,0,0,0,0,2,0,1,0,2,3,0,0,0,0,0,"Normal",55,1409922,"B+N","CAD",2,34.37,40,04:10:00,"6/19/2025","6/20/2025",14:32:00,6.5,14,12
"17",409925,1,102.3,0,0,0,0,0,0,2,0,1,0,2,3,0,0,0,0,0,"Normal",49,1409925,"LIDO","CAD",2,29.03,39.5,09:10:00,"6/19/2025","6/20/2025",14:12:00,6.9,11,11
"18",409925,4,102.7,0,0,0,0,0,0,2,0,0,0,2,2,0,0,0,0,0,"Normal",49,1409925,"LIDO","CAD",2,29.03,39.5,09:10:00,"6/19/2025","6/20/2025",14:12:00,6.9,11,11
"19",409925,3,104.2,0,0,0,0,0,0,3,0,0,0,3,3,0,0,0,1,0,"Normal",49,1409925,"LIDO","CAD",2,29.03,39.5,09:10:00,"6/19/2025","6/20/2025",14:12:00,6.9,11,11
"20",409925,2,103.9,0,0,0,0,0,0,3,0,1,0,3,4,0,0,0,1,1,"Normal",49,1409925,"LIDO","CAD",2,29.03,39.5,09:10:00,"6/19/2025","6/20/2025",14:12:00,6.9,11,11
"21",409926,1,101.7,0,0,0,0,0,0,1,0,0,0,1,1,0,0,0,0,0,"Normal",61,1409926,"BO","CAD",2,29.53,47.7,09:20:00,"6/19/2025","6/20/2025",14:52:00,6.9,11,13
"22",409926,2,102.4,0,0,0,0,0,0,2,0,0,0,2,2,0,0,0,0,0,"Normal",61,1409926,"BO","CAD",2,29.53,47.7,09:20:00,"6/19/2025","6/20/2025",14:52:00,6.9,11,13
"23",409926,4,102.1,0,0,0,0,0,0,2,0,0,0,2,2,0,0,0,0,0,"Normal",61,1409926,"BO","CAD",2,29.53,47.7,09:20:00,"6/19/2025","6/20/2025",14:52:00,6.9,11,13
"24",409926,3,102.3,0,0,0,0,0,0,2,0,0,0,2,2,0,0,0,0,0,"Normal",61,1409926,"BO","CAD",2,29.53,47.7,09:20:00,"6/19/2025","6/20/2025",14:52:00,6.9,11,13
"25",409927,1,102.5,0,0,0,0,0,0,2,0,1,0,2,3,0,0,0,0,0,"Normal",54,1409927,"LIDO","CAD",2,29.13,40.5,09:20:00,"6/19/2025","6/20/2025",14:28:00,7.4,14,14
"26",409927,4,102.6,0,0,0,0,0,0,2,0,0,0,2,2,0,0,0,0,0,"Normal",54,1409927,"LIDO","CAD",2,29.13,40.5,09:20:00,"6/19/2025","6/20/2025",14:28:00,7.4,14,14
"27",409927,2,103.9,0,0,0,0,0,0,3,0,0,0,3,3,0,0,0,1,0,"Normal",54,1409927,"LIDO","CAD",2,29.13,40.5,09:20:00,"6/19/2025","6/20/2025",14:28:00,7.4,14,14
"28",409927,3,103.3,0,0,0,0,0,0,3,0,1,0,3,4,0,0,0,0,1,"Normal",54,1409927,"LIDO","CAD",2,29.13,40.5,09:20:00,"6/19/2025","6/20/2025",14:28:00,7.4,14,14
"29",409928,1,103,0,1,1,0,1,0,3,0,2,0,5,8,1,0,0,0,1,"Normal",58,1409928,"LIDO","CAD",2,28.4,40.9,10:15:00,"6/19/2025","6/20/2025",14:39:00,6.9,11,51
"30",409928,2,104.8,0,0,0,0,0,0,3,0,0,0,3,3,0,0,0,1,0,"Normal",58,1409928,"LIDO","CAD",2,28.4,40.9,10:15:00,"6/19/2025","6/20/2025",14:39:00,6.9,11,51
"31",409928,4,102.8,0,0,0,0,0,0,2,0,0,0,2,2,0,0,0,0,0,"Normal",58,1409928,"LIDO","CAD",2,28.4,40.9,10:15:00,"6/19/2025","6/20/2025",14:39:00,6.9,11,51
"32",409928,3,104.2,0,0,0,0,0,0,3,0,0,0,3,3,0,0,0,1,0,"Normal",58,1409928,"LIDO","CAD",2,28.4,40.9,10:15:00,"6/19/2025","6/20/2025",14:39:00,6.9,11,51
"33",409933,2,104.6,0,0,0,0,0,0,3,0,2,0,3,5,0,0,0,1,1,"Normal",43,1409933,"B+N","CAD",2,21.43,50,16:15:00,"6/19/2025","6/20/2025",13:41:00,6.6,12,13
"34",409933,1,102.5,0,0,0,0,0,0,2,0,1,0,2,3,0,0,0,0,0,"Normal",43,1409933,"B+N","CAD",2,21.43,50,16:15:00,"6/19/2025","6/20/2025",13:41:00,6.6,12,13
"35",409933,3,103.4,0,0,0,0,0,0,3,0,0,0,3,3,0,0,0,0,0,"Normal",43,1409933,"B+N","CAD",2,21.43,50,16:15:00,"6/19/2025","6/20/2025",13:41:00,6.6,12,13
"36",409933,4,102.8,0,0,0,0,0,0,2,0,1,0,2,3,0,0,0,0,0,"Normal",43,1409933,"B+N","CAD",2,21.43,50,16:15:00,"6/19/2025","6/20/2025",13:41:00,6.6,12,13
"37",409935,2,102.2,0,0,0,0,0,0,2,0,0,0,2,2,0,0,0,0,0,"Normal",59,1409935,"BO","CAD",2,20.17,40,18:33:00,"6/19/2025","6/20/2025",14:43:00,6.9,13,13
"38",409935,1,102.1,0,0,0,0,0,0,2,0,0,0,2,2,0,0,0,0,0,"Normal",59,1409935,"BO","CAD",2,20.17,40,18:33:00,"6/19/2025","6/20/2025",14:43:00,6.9,13,13
"39",409935,4,102.3,0,0,0,0,0,0,2,0,0,0,2,2,0,0,0,0,0,"Normal",59,1409935,"BO","CAD",2,20.17,40,18:33:00,"6/19/2025","6/20/2025",14:43:00,6.9,13,13
"40",409935,3,103,0,0,0,0,0,0,3,0,0,0,3,3,0,0,0,0,0,"Normal",59,1409935,"BO","CAD",2,20.17,40,18:33:00,"6/19/2025","6/20/2025",14:43:00,6.9,13,13
"41",409937,2,102.2,0,0,0,0,0,0,2,0,0,0,2,2,0,0,0,0,0,"Normal",51,1409937,"BO","CAD",2,18.87,38.6,19:25:00,"6/19/2025","6/20/2025",14:17:00,6.1,10,13
"42",409937,3,101.4,0,0,0,0,0,0,1,0,0,0,1,1,0,0,0,0,0,"Normal",51,1409937,"BO","CAD",2,18.87,38.6,19:25:00,"6/19/2025","6/20/2025",14:17:00,6.1,10,13
"43",409937,4,102,0,0,0,0,0,0,2,0,0,0,2,2,0,0,0,0,0,"Normal",51,1409937,"BO","CAD",2,18.87,38.6,19:25:00,"6/19/2025","6/20/2025",14:17:00,6.1,10,13
"44",409937,1,101,0,1,0,0,0,0,1,1,0,0,1,3,0,0,0,0,0,"Normal",51,1409937,"BO","CAD",2,18.87,38.6,19:25:00,"6/19/2025","6/20/2025",14:17:00,6.1,10,13
"45",431580,3,102.5,0,0,0,0,0,0,2,1,0,0,2,3,0,0,0,0,0,"Normal",2,1431580,"BO","MAD",1,35.82,NA,00:43:00,"6/12/2025","6/13/2025",12:32:00,7,12,15
"46",431580,2,102.7,0,0,0,0,0,0,2,1,0,0,2,3,0,0,0,0,0,"Normal",2,1431580,"BO","MAD",1,35.82,NA,00:43:00,"6/12/2025","6/13/2025",12:32:00,7,12,15
"47",431580,4,102.5,0,0,0,0,0,0,2,0,0,0,2,2,0,0,0,0,0,"Normal",2,1431580,"BO","MAD",1,35.82,NA,00:43:00,"6/12/2025","6/13/2025",12:32:00,7,12,15
"48",431580,1,102.3,0,1,0,0,1,0,2,1,0,0,3,5,0,0,0,0,1,"Normal",2,1431580,"BO","MAD",1,35.82,NA,00:43:00,"6/12/2025","6/13/2025",12:32:00,7,12,15
"49",431581,2,101.9,0,0,0,0,0,0,1,1,1,0,1,3,0,0,0,0,0,"Normal",23,1431581,"B+N","MAD",1,38.12,NA,01:35:00,"6/12/2025","6/13/2025",15:42:00,6.6,11,11
"50",431581,1,101.8,0,0,0,0,0,0,1,0,2,0,1,3,0,0,0,0,0,"Normal",23,1431581,"B+N","MAD",1,38.12,NA,01:35:00,"6/12/2025","6/13/2025",15:42:00,6.6,11,11
"51",431581,4,101.3,0,0,0,0,0,0,1,0,0,0,1,1,0,0,0,0,0,"Normal",23,1431581,"B+N","MAD",1,38.12,NA,01:35:00,"6/12/2025","6/13/2025",15:42:00,6.6,11,11
"52",431581,3,101.8,0,0,0,0,0,0,1,0,1,0,1,2,0,0,0,0,0,"Normal",23,1431581,"B+N","MAD",1,38.12,NA,01:35:00,"6/12/2025","6/13/2025",15:42:00,6.6,11,11
"53",431592,2,101.8,0,0,0,0,0,0,1,1,1,0,1,3,0,0,0,0,0,"Normal",17,1431592,"BO","MAD",1,33.05,NA,05:50:00,"6/12/2025","6/13/2025",14:53:00,7.4,13,12
"54",431592,3,103.4,0,0,0,0,0,0,3,1,0,0,3,4,0,0,0,0,1,"Normal",17,1431592,"BO","MAD",1,33.05,NA,05:50:00,"6/12/2025","6/13/2025",14:53:00,7.4,13,12
"55",431592,4,102.4,0,0,0,0,0,0,2,0,0,0,2,2,0,0,0,0,0,"Normal",17,1431592,"BO","MAD",1,33.05,NA,05:50:00,"6/12/2025","6/13/2025",14:53:00,7.4,13,12
"56",431592,1,102.5,0,1,0,0,0,0,2,1,0,0,2,4,0,0,0,0,1,"Normal",17,1431592,"BO","MAD",1,33.05,NA,05:50:00,"6/12/2025","6/13/2025",14:53:00,7.4,13,12
"57",431594,1,101.6,0,0,0,0,0,0,1,0,0,0,1,1,0,0,0,0,0,"Normal",15,1431594,"LIDO","MAD",1,32.75,NA,05:55:00,"6/12/2025","6/13/2025",14:40:00,6.2,12,13
"58",431594,4,102.6,0,0,0,0,0,0,2,0,0,0,2,2,0,0,0,0,0,"Normal",15,1431594,"LIDO","MAD",1,32.75,NA,05:55:00,"6/12/2025","6/13/2025",14:40:00,6.2,12,13
"59",431594,2,102.3,0,0,0,0,0,0,2,0,1,0,2,3,0,0,0,0,0,"Normal",15,1431594,"LIDO","MAD",1,32.75,NA,05:55:00,"6/12/2025","6/13/2025",14:40:00,6.2,12,13
"60",431594,3,103,0,0,0,0,0,0,3,0,1,0,3,4,0,0,0,0,1,"Normal",15,1431594,"LIDO","MAD",1,32.75,NA,05:55:00,"6/12/2025","6/13/2025",14:40:00,6.2,12,13
"61",431598,1,102.2,0,0,0,0,0,0,2,0,0,0,2,2,0,0,0,0,0,"Normal",21,1431598,"B+N","MAD",1,31.72,NA,07:50:00,"6/12/2025","6/13/2025",15:33:00,6.7,13,11
"62",431598,2,103.2,0,0,0,0,0,0,3,1,NA,0,3,NA,0,0,0,0,NA,"Normal",21,1431598,"B+N","MAD",1,31.72,NA,07:50:00,"6/12/2025","6/13/2025",15:33:00,6.7,13,11
"63",431598,3,103.1,0,0,0,0,0,0,3,1,0,0,3,4,0,0,0,0,1,"Normal",21,1431598,"B+N","MAD",1,31.72,NA,07:50:00,"6/12/2025","6/13/2025",15:33:00,6.7,13,11
"64",431598,4,102.2,0,0,0,0,0,0,2,0,0,0,2,2,0,0,0,0,0,"Normal",21,1431598,"B+N","MAD",1,31.72,NA,07:50:00,"6/12/2025","6/13/2025",15:33:00,6.7,13,11
"65",431599,1,102.6,0,0,0,0,0,0,2,1,0,0,2,3,0,0,0,0,0,"Normal",14,1431599,"BO","MAD",1,28.87,NA,09:40:00,"6/12/2025","6/13/2025",14:32:00,6.9,14,13
"66",431599,2,101.5,0,0,0,0,0,0,1,0,0,0,1,1,0,0,0,0,0,"Normal",14,1431599,"BO","MAD",1,28.87,NA,09:40:00,"6/12/2025","6/13/2025",14:32:00,6.9,14,13
"67",431599,4,101.9,0,0,0,0,0,0,1,0,0,0,1,1,0,0,0,0,0,"Normal",14,1431599,"BO","MAD",1,28.87,NA,09:40:00,"6/12/2025","6/13/2025",14:32:00,6.9,14,13
"68",431599,3,102.6,0,0,0,0,0,0,2,0,0,0,2,2,0,0,0,0,0,"Normal",14,1431599,"BO","MAD",1,28.87,NA,09:40:00,"6/12/2025","6/13/2025",14:32:00,6.9,14,13
"69",431600,2,102.3,0,0,0,0,0,0,2,0,0,0,2,2,0,0,0,0,0,"Normal",11,1431600,"B+N","MAD",1,28.32,NA,09:45:00,"6/12/2025","6/13/2025",14:04:00,6.6,13,13
"70",431600,1,102.7,0,0,0,0,0,0,2,0,0,0,2,2,0,0,0,0,0,"Normal",11,1431600,"B+N","MAD",1,28.32,NA,09:45:00,"6/12/2025","6/13/2025",14:04:00,6.6,13,13
"71",431600,3,103.5,0,0,1,0,0,0,3,0,0,0,4,4,1,0,0,0,1,"Normal",11,1431600,"B+N","MAD",1,28.32,NA,09:45:00,"6/12/2025","6/13/2025",14:04:00,6.6,13,13
"72",431600,4,103.3,0,0,0,0,0,0,3,0,0,0,3,3,0,0,0,0,0,"Normal",11,1431600,"B+N","MAD",1,28.32,NA,09:45:00,"6/12/2025","6/13/2025",14:04:00,6.6,13,13
"73",431602,2,102,0,0,0,0,0,0,2,1,0,0,2,3,0,0,0,0,0,"Normal",26,1431602,"BO","MAD",1,28.1,44.1,11:58:00,"6/12/2025","6/13/2025",16:04:00,6.3,14,12
"74",431602,1,103,0,0,0,0,0,0,3,1,0,0,3,4,0,0,0,0,1,"Normal",26,1431602,"BO","MAD",1,28.1,44.1,11:58:00,"6/12/2025","6/13/2025",16:04:00,6.3,14,12
"75",431602,3,102.4,0,0,0,0,0,0,2,0,0,0,2,2,0,0,0,0,0,"Normal",26,1431602,"BO","MAD",1,28.1,44.1,11:58:00,"6/12/2025","6/13/2025",16:04:00,6.3,14,12
"76",431602,4,102.7,0,0,0,0,0,0,2,0,0,0,2,2,0,0,0,0,0,"Normal",26,1431602,"BO","MAD",1,28.1,44.1,11:58:00,"6/12/2025","6/13/2025",16:04:00,6.3,14,12
"77",431603,1,102.4,0,0,0,0,0,0,2,1,0,NA,2,NA,0,0,0,0,NA,"Normal",3,1431603,"B+N","MAD",1,24.97,44.5,11:45:00,"6/12/2025","6/13/2025",12:43:00,6.5,13,13
"78",431603,2,102.3,0,0,0,0,0,0,2,1,0,0,2,3,0,0,0,0,0,"Normal",3,1431603,"B+N","MAD",1,24.97,44.5,11:45:00,"6/12/2025","6/13/2025",12:43:00,6.5,13,13
"79",431603,3,102.4,0,0,0,0,0,0,2,0,0,0,2,2,0,0,0,0,0,"Normal",3,1431603,"B+N","MAD",1,24.97,44.5,11:45:00,"6/12/2025","6/13/2025",12:43:00,6.5,13,13
"80",431603,4,102.8,0,0,0,0,0,0,2,0,0,0,2,2,0,0,0,0,0,"Normal",3,1431603,"B+N","MAD",1,24.97,44.5,11:45:00,"6/12/2025","6/13/2025",12:43:00,6.5,13,13
"81",431605,3,NA,0,0,0,0,0,0,2,0,1,0,2,3,0,0,0,NA,0,"Normal",12,1431605,"LIDO","MAD",1,37.13,45,01:03:00,"6/12/2025","6/13/2025",14:11:00,6.9,14,14
"82",431605,2,102.5,0,0,0,0,0,0,2,0,1,0,2,3,0,0,0,0,0,"Normal",12,1431605,"LIDO","MAD",1,37.13,45,01:03:00,"6/12/2025","6/13/2025",14:11:00,6.9,14,14
"83",431605,4,103.1,0,0,1,0,0,0,3,0,0,0,4,4,1,0,0,0,1,"Normal",12,1431605,"LIDO","MAD",1,37.13,45,01:03:00,"6/12/2025","6/13/2025",14:11:00,6.9,14,14
"84",431605,1,102.4,0,0,0,0,1,0,2,0,0,0,3,3,0,0,0,0,0,"Normal",12,1431605,"LIDO","MAD",1,37.13,45,01:03:00,"6/12/2025","6/13/2025",14:11:00,6.9,14,14
"85",431608,3,101.6,0,0,0,0,0,0,NA,0,2,0,NA,NA,NA,0,0,0,NA,"Normal",20,1431608,"BO","MAD",1,25.17,45.5,14:15:00,"6/12/2025","6/13/2025",15:25:00,6.5,13,13
"86",431608,1,102.3,0,0,0,0,0,0,2,0,2,0,2,4,0,0,0,0,1,"Normal",20,1431608,"BO","MAD",1,25.17,45.5,14:15:00,"6/12/2025","6/13/2025",15:25:00,6.5,13,13
"87",431608,4,101.8,0,0,0,0,0,0,1,0,0,0,1,1,0,0,0,0,0,"Normal",20,1431608,"BO","MAD",1,25.17,45.5,14:15:00,"6/12/2025","6/13/2025",15:25:00,6.5,13,13
"88",431608,2,101.5,0,0,0,0,0,0,1,0,2,0,1,3,0,0,0,0,0,"Normal",20,1431608,"BO","MAD",1,25.17,45.5,14:15:00,"6/12/2025","6/13/2025",15:25:00,6.5,13,13
"89",431610,2,102.3,0,1,0,0,0,0,2,1,0,0,2,4,0,0,0,0,1,"Normal",19,1431610,"LIDO","MAD",1,24.93,35,14:20:00,"6/12/2025","6/13/2025",15:16:00,6.5,13,11
"90",431610,1,102.1,0,0,0,0,0,0,2,0,0,0,2,2,0,0,0,0,0,"Normal",19,1431610,"LIDO","MAD",1,24.93,35,14:20:00,"6/12/2025","6/13/2025",15:16:00,6.5,13,11
"91",431610,4,101.6,0,0,0,0,0,0,1,0,0,0,1,1,0,0,0,0,0,"Normal",19,1431610,"LIDO","MAD",1,24.93,35,14:20:00,"6/12/2025","6/13/2025",15:16:00,6.5,13,11
"92",431610,3,101.8,0,0,0,0,0,0,1,1,0,0,1,2,0,0,0,0,0,"Normal",19,1431610,"LIDO","MAD",1,24.93,35,14:20:00,"6/12/2025","6/13/2025",15:16:00,6.5,13,11
"93",431611,2,102.3,0,0,0,0,0,0,2,0,0,NA,2,NA,0,0,0,0,NA,"Normal",5,1431611,"B+N","MAD",1,22.62,34.5,14:22:00,"6/12/2025","6/13/2025",12:59:00,6.5,10,11
"94",431611,3,102.2,0,0,0,0,0,0,2,0,1,0,2,3,0,0,0,0,0,"Normal",5,1431611,"B+N","MAD",1,22.62,34.5,14:22:00,"6/12/2025","6/13/2025",12:59:00,6.5,10,11
"95",431611,4,101.2,0,0,0,0,0,0,1,0,0,0,1,1,0,0,0,0,0,"Normal",5,1431611,"B+N","MAD",1,22.62,34.5,14:22:00,"6/12/2025","6/13/2025",12:59:00,6.5,10,11
"96",431611,1,102.4,0,0,0,0,0,0,2,1,0,0,2,3,0,0,0,0,0,"Normal",5,1431611,"B+N","MAD",1,22.62,34.5,14:22:00,"6/12/2025","6/13/2025",12:59:00,6.5,10,11
"97",431612,1,102.1,0,0,0,0,0,0,2,1,0,0,2,3,0,0,0,0,0,"Normal",27,1431612,"LIDO","MAD",1,25.15,40.5,15:00:00,"6/12/2025","6/13/2025",16:09:00,6.1,13,15
"98",431612,4,104.9,0,0,0,0,0,0,3,0,0,1,3,4,0,0,0,1,1,"Normal",27,1431612,"LIDO","MAD",1,25.15,40.5,15:00:00,"6/12/2025","6/13/2025",16:09:00,6.1,13,15
"99",431612,2,103,0,1,0,0,0,0,3,3,1,0,3,8,0,0,1,0,1,"Severe",27,1431612,"LIDO","MAD",1,25.15,40.5,15:00:00,"6/12/2025","6/13/2025",16:09:00,6.1,13,15
"100",431612,3,103.7,0,0,0,0,0,0,3,1,0,0,3,4,0,0,0,1,1,"Normal",27,1431612,"LIDO","MAD",1,25.15,40.5,15:00:00,"6/12/2025","6/13/2025",16:09:00,6.1,13,15
"101",431613,1,101.2,0,0,0,0,0,0,1,0,0,0,1,1,0,0,0,0,0,"Normal",9,1431613,"LIDO","MAD",1,22.3,43.2,15:25:00,"6/12/2025","6/13/2025",13:43:00,6.9,11,12
"102",431613,2,100.8,0,0,0,0,0,0,0,0,0,0,0,0,0,0,0,0,0,"Normal",9,1431613,"LIDO","MAD",1,22.3,43.2,15:25:00,"6/12/2025","6/13/2025",13:43:00,6.9,11,12
"103",431613,3,102.4,0,0,0,0,0,0,2,0,1,0,2,3,0,0,0,0,0,"Normal",9,1431613,"LIDO","MAD",1,22.3,43.2,15:25:00,"6/12/2025","6/13/2025",13:43:00,6.9,11,12
"104",431613,4,101.6,0,0,0,0,0,0,1,0,0,0,1,1,0,0,0,0,0,"Normal",9,1431613,"LIDO","MAD",1,22.3,43.2,15:25:00,"6/12/2025","6/13/2025",13:43:00,6.9,11,12
"105",431616,1,101.6,0,0,0,0,0,0,1,1,0,0,1,2,0,0,0,0,0,"Normal",4,1431616,"LIDO","MAD",1,21.37,45,15:30:00,"6/12/2025","6/13/2025",12:52:00,6.7,10,12
"106",431616,2,101.4,0,0,0,0,0,0,1,1,0,0,1,2,0,0,0,0,0,"Normal",4,1431616,"LIDO","MAD",1,21.37,45,15:30:00,"6/12/2025","6/13/2025",12:52:00,6.7,10,12
"107",431616,4,102,0,0,0,0,0,0,2,0,1,0,2,3,0,0,0,0,0,"Normal",4,1431616,"LIDO","MAD",1,21.37,45,15:30:00,"6/12/2025","6/13/2025",12:52:00,6.7,10,12
"108",431616,3,101.7,0,0,1,0,0,0,1,0,1,0,2,3,0,0,0,0,0,"Normal",4,1431616,"LIDO","MAD",1,21.37,45,15:30:00,"6/12/2025","6/13/2025",12:52:00,6.7,10,12
"109",431618,2,102.2,0,0,0,0,0,0,2,1,1,0,2,4,0,0,0,0,1,"Normal",7,1431618,"BO","MAD",1,21.7,46.4,15:35:00,"6/12/2025","6/13/2025",13:17:00,6.5,13,13
"110",431618,1,102.5,0,0,0,1,0,0,2,1,0,0,3,4,0,0,0,0,1,"Normal",7,1431618,"BO","MAD",1,21.7,46.4,15:35:00,"6/12/2025","6/13/2025",13:17:00,6.5,13,13
"111",431618,3,103.8,0,0,0,0,0,0,3,0,0,0,3,3,0,0,0,1,0,"Normal",7,1431618,"BO","MAD",1,21.7,46.4,15:35:00,"6/12/2025","6/13/2025",13:17:00,6.5,13,13
"112",431618,4,103.1,0,0,0,0,0,0,3,0,0,0,3,3,0,0,0,0,0,"Normal",7,1431618,"BO","MAD",1,21.7,46.4,15:35:00,"6/12/2025","6/13/2025",13:17:00,6.5,13,13
"113",431620,2,103.9,0,0,0,0,0,0,3,1,2,0,3,6,0,0,0,1,1,"Normal",16,1431620,"LIDO","MAD",1,22.63,38.2,16:10:00,"6/12/2025","6/13/2025",14:48:00,6.8,12,13
"114",431620,1,102.6,0,0,0,0,0,0,2,1,0,0,2,3,0,0,0,0,0,"Normal",16,1431620,"LIDO","MAD",1,22.63,38.2,16:10:00,"6/12/2025","6/13/2025",14:48:00,6.8,12,13
"115",431620,3,103.3,0,0,0,0,0,0,3,1,1,0,3,5,0,0,0,0,1,"Normal",16,1431620,"LIDO","MAD",1,22.63,38.2,16:10:00,"6/12/2025","6/13/2025",14:48:00,6.8,12,13
"116",431620,4,103.6,0,0,0,0,0,0,3,0,0,0,3,3,0,0,0,1,0,"Normal",16,1431620,"LIDO","MAD",1,22.63,38.2,16:10:00,"6/12/2025","6/13/2025",14:48:00,6.8,12,13
"117",431621,1,101.4,0,0,0,0,0,0,1,1,0,0,1,2,0,0,0,0,0,"Normal",22,1431621,"LIDO","MAD",1,23.28,47.7,16:20:00,"6/12/2025","6/13/2025",15:37:00,6.5,13,10
"118",431621,2,102.9,0,1,0,0,0,0,2,0,0,0,2,3,0,0,0,0,0,"Normal",22,1431621,"LIDO","MAD",1,23.28,47.7,16:20:00,"6/12/2025","6/13/2025",15:37:00,6.5,13,10
"119",431621,3,102.6,0,0,0,0,0,0,2,0,0,0,2,2,0,0,0,0,0,"Normal",22,1431621,"LIDO","MAD",1,23.28,47.7,16:20:00,"6/12/2025","6/13/2025",15:37:00,6.5,13,10
"120",431621,4,102.5,0,0,0,0,0,0,2,0,0,0,2,2,0,0,0,0,0,"Normal",22,1431621,"LIDO","MAD",1,23.28,47.7,16:20:00,"6/12/2025","6/13/2025",15:37:00,6.5,13,10
"121",431622,3,101.9,0,0,0,0,0,0,1,0,1,0,1,2,0,0,0,0,0,"Normal",24,1431622,"BO","MAD",1,22.33,58.2,17:30:00,"6/12/2025","6/13/2025",15:50:00,6.3,14,44
"122",431622,2,101.7,0,0,0,0,0,0,1,1,2,0,1,4,0,0,0,0,1,"Normal",24,1431622,"BO","MAD",1,22.33,58.2,17:30:00,"6/12/2025","6/13/2025",15:50:00,6.3,14,44
"123",431622,4,101.2,0,0,0,0,0,0,1,0,0,0,1,1,0,0,0,0,0,"Normal",24,1431622,"BO","MAD",1,22.33,58.2,17:30:00,"6/12/2025","6/13/2025",15:50:00,6.3,14,44
"124",431622,1,100.5,0,0,0,0,0,0,0,0,1,0,0,1,0,0,0,0,0,"Normal",24,1431622,"BO","MAD",1,22.33,58.2,17:30:00,"6/12/2025","6/13/2025",15:50:00,6.3,14,44
"125",431631,3,102.8,0,0,0,0,0,0,2,1,0,0,2,3,0,0,0,0,0,"Normal",18,1431631,"B+N","MAD",1,19.78,42.3,19:11:00,"6/12/2025","6/13/2025",14:58:00,6.4,12,46
"126",431631,1,101.7,0,0,0,0,0,0,1,0,0,0,1,1,0,0,0,0,0,"Normal",18,1431631,"B+N","MAD",1,19.78,42.3,19:11:00,"6/12/2025","6/13/2025",14:58:00,6.4,12,46
"127",431631,4,102.6,0,0,0,0,0,0,2,0,0,0,2,2,0,0,0,0,0,"Normal",18,1431631,"B+N","MAD",1,19.78,42.3,19:11:00,"6/12/2025","6/13/2025",14:58:00,6.4,12,46
"128",431631,2,103.7,0,1,0,0,0,NA,3,1,0,0,NA,NA,NA,0,0,1,NA,"Normal",18,1431631,"B+N","MAD",1,19.78,42.3,19:11:00,"6/12/2025","6/13/2025",14:58:00,6.4,12,46
"129",431633,2,102.2,0,0,0,0,0,0,2,1,0,0,2,3,0,0,0,0,0,"Normal",6,1431633,"BO","MAD",1,17.98,46.8,19:10:00,"6/12/2025","6/13/2025",13:09:00,6.6,15,13
"130",431633,1,102.4,0,0,0,0,0,0,2,0,0,0,2,2,0,0,0,0,0,"Normal",6,1431633,"BO","MAD",1,17.98,46.8,19:10:00,"6/12/2025","6/13/2025",13:09:00,6.6,15,13
"131",431633,4,102.4,0,0,0,0,0,0,2,0,0,0,2,2,0,0,0,0,0,"Normal",6,1431633,"BO","MAD",1,17.98,46.8,19:10:00,"6/12/2025","6/13/2025",13:09:00,6.6,15,13
"132",431633,3,102.9,0,0,0,0,0,0,2,0,0,0,2,2,0,0,0,0,0,"Normal",6,1431633,"BO","MAD",1,17.98,46.8,19:10:00,"6/12/2025","6/13/2025",13:09:00,6.6,15,13
"133",431635,3,103.4,0,0,0,0,0,0,3,0,0,0,3,3,0,0,0,0,0,"Normal",13,1431635,"B+N","MAD",1,18.95,48.6,19:21:00,"6/12/2025","6/13/2025",14:18:00,6.7,12,13
"134",431635,4,102.6,0,0,0,0,0,0,2,0,0,0,2,2,0,0,0,0,0,"Normal",13,1431635,"B+N","MAD",1,18.95,48.6,19:21:00,"6/12/2025","6/13/2025",14:18:00,6.7,12,13
"135",431635,2,102.6,0,0,0,0,0,0,2,0,0,0,2,2,0,0,0,0,0,"Normal",13,1431635,"B+N","MAD",1,18.95,48.6,19:21:00,"6/12/2025","6/13/2025",14:18:00,6.7,12,13
"136",431635,1,102,0,0,0,0,0,0,2,0,0,0,2,2,0,0,0,0,0,"Normal",13,1431635,"B+N","MAD",1,18.95,48.6,19:21:00,"6/12/2025","6/13/2025",14:18:00,6.7,12,13
"137",431636,1,102.4,0,0,0,0,0,0,2,0,0,0,2,2,0,0,0,0,0,"Normal",25,1431636,"B+N","MAD",1,20.55,35.9,19:23:00,"6/12/2025","6/13/2025",15:56:00,6.9,12,12
"138",431636,2,102.1,0,0,0,0,0,0,2,0,0,0,2,2,0,0,0,0,0,"Normal",25,1431636,"B+N","MAD",1,20.55,35.9,19:23:00,"6/12/2025","6/13/2025",15:56:00,6.9,12,12
"139",431636,4,102.4,0,0,0,0,0,0,2,0,0,0,2,2,0,0,0,0,0,"Normal",25,1431636,"B+N","MAD",1,20.55,35.9,19:23:00,"6/12/2025","6/13/2025",15:56:00,6.9,12,12
"140",431636,3,102.4,0,0,0,0,0,0,2,0,0,0,2,2,0,0,0,0,0,"Normal",25,1431636,"B+N","MAD",1,20.55,35.9,19:23:00,"6/12/2025","6/13/2025",15:56:00,6.9,12,12
"141",431637,2,102.1,0,0,0,0,0,0,2,2,0,0,2,4,0,0,1,0,1,"Mild",1,1431637,"LIDO","MAD",1,16.42,36.8,19:50:00,"6/12/2025","6/13/2025",12:15:00,6.6,13,15
"142",431637,1,101.6,0,1,0,0,0,0,1,0,0,0,1,2,0,0,0,0,0,"Normal",1,1431637,"LIDO","MAD",1,16.42,36.8,19:50:00,"6/12/2025","6/13/2025",12:15:00,6.6,13,15
"143",431637,3,102.8,0,0,0,0,0,0,2,1,0,0,2,3,0,0,0,0,0,"Normal",1,1431637,"LIDO","MAD",1,16.42,36.8,19:50:00,"6/12/2025","6/13/2025",12:15:00,6.6,13,15
"144",431637,4,102.9,0,0,0,0,0,0,2,1,0,0,2,3,0,0,0,0,0,"Normal",1,1431637,"LIDO","MAD",1,16.42,36.8,19:50:00,"6/12/2025","6/13/2025",12:15:00,6.6,13,15
"145",431639,2,103.4,NA,0,0,0,0,0,3,1,2,0,3,NA,0,NA,0,0,NA,"Normal",8,1431639,"B+N","MAD",1,17.08,45.9,20:30:00,"6/12/2025","6/13/2025",13:35:00,6.9,12,12
"146",431639,1,101.6,0,1,0,0,0,0,1,0,0,0,1,2,0,0,0,0,0,"Normal",8,1431639,"B+N","MAD",1,17.08,45.9,20:30:00,"6/12/2025","6/13/2025",13:35:00,6.9,12,12
"147",431639,4,103.6,0,0,1,0,0,0,3,0,0,0,4,4,1,0,0,1,1,"Normal",8,1431639,"B+N","MAD",1,17.08,45.9,20:30:00,"6/12/2025","6/13/2025",13:35:00,6.9,12,12
"148",431639,3,103.5,0,0,0,0,0,0,3,1,0,0,3,4,0,0,0,0,1,"Normal",8,1431639,"B+N","MAD",1,17.08,45.9,20:30:00,"6/12/2025","6/13/2025",13:35:00,6.9,12,12
"149",431642,2,103.8,0,0,0,0,0,0,3,1,1,0,3,5,0,0,0,1,1,"Normal",10,1431642,"BO","MAD",1,14.97,51.4,22:52:00,"6/12/2025","6/13/2025",13:50:00,7,14,11
"150",431642,3,103,0,0,0,0,0,0,3,0,2,0,3,5,0,0,0,0,1,"Normal",10,1431642,"BO","MAD",1,14.97,51.4,22:52:00,"6/12/2025","6/13/2025",13:50:00,7,14,11
"151",431642,1,101.4,0,0,0,0,0,0,1,0,0,0,1,1,0,0,0,0,0,"Normal",10,1431642,"BO","MAD",1,14.97,51.4,22:52:00,"6/12/2025","6/13/2025",13:50:00,7,14,11
"152",431642,4,102.8,0,0,0,0,0,0,2,0,0,0,2,2,0,0,0,0,0,"Normal",10,1431642,"BO","MAD",1,14.97,51.4,22:52:00,"6/12/2025","6/13/2025",13:50:00,7,14,11
"153",431997,2,104,0,0,0,0,0,0,3,0,1,0,3,4,0,0,0,1,1,"Normal",34,1431997,"LIDO","MAD",2,30.35,52.7,06:50:00,"6/19/2025","6/20/2025",13:11:00,7,13,13
"154",431997,3,104.6,0,0,0,0,0,0,3,0,1,0,3,4,0,0,0,1,1,"Normal",34,1431997,"LIDO","MAD",2,30.35,52.7,06:50:00,"6/19/2025","6/20/2025",13:11:00,7,13,13
"155",431997,1,104.2,0,0,0,0,0,0,3,0,1,0,3,4,0,0,0,1,1,"Normal",34,1431997,"LIDO","MAD",2,30.35,52.7,06:50:00,"6/19/2025","6/20/2025",13:11:00,7,13,13
"156",431997,4,103,0,0,0,0,0,0,3,0,0,0,3,3,0,0,0,0,0,"Normal",34,1431997,"LIDO","MAD",2,30.35,52.7,06:50:00,"6/19/2025","6/20/2025",13:11:00,7,13,13
"157",431998,3,104.5,0,0,0,0,0,0,3,0,2,1,3,6,0,0,0,1,1,"Normal",40,1431998,"LIDO","MAD",2,30.38,44.1,07:08:00,"6/19/2025","6/20/2025",13:31:00,6.6,14,13
"158",431998,2,102.3,0,0,0,0,0,0,2,0,2,0,2,4,0,0,0,0,1,"Normal",40,1431998,"LIDO","MAD",2,30.38,44.1,07:08:00,"6/19/2025","6/20/2025",13:31:00,6.6,14,13
"159",431998,1,103.7,0,0,0,0,0,0,3,0,1,0,3,4,0,0,0,1,1,"Normal",40,1431998,"LIDO","MAD",2,30.38,44.1,07:08:00,"6/19/2025","6/20/2025",13:31:00,6.6,14,13
"160",431998,4,103.2,0,0,0,0,0,0,3,0,1,0,3,4,0,0,0,0,1,"Normal",40,1431998,"LIDO","MAD",2,30.38,44.1,07:08:00,"6/19/2025","6/20/2025",13:31:00,6.6,14,13
"161",432001,3,103.5,0,0,0,0,0,0,3,0,0,0,3,3,0,0,0,0,0,"Normal",31,1432001,"B+N","MAD",2,26.82,40.9,10:10:00,"6/19/2025","6/20/2025",12:59:00,5.6,13,11
"162",432001,4,103.4,0,0,0,0,0,0,3,0,0,0,3,3,0,0,0,0,0,"Normal",31,1432001,"B+N","MAD",2,26.82,40.9,10:10:00,"6/19/2025","6/20/2025",12:59:00,5.6,13,11
"163",432001,2,104.2,0,0,0,0,0,0,3,1,0,0,3,4,0,0,0,1,1,"Normal",31,1432001,"B+N","MAD",2,26.82,40.9,10:10:00,"6/19/2025","6/20/2025",12:59:00,5.6,13,11
"164",432001,1,103.5,0,0,0,0,0,0,3,0,0,0,3,3,0,0,0,0,0,"Normal",31,1432001,"B+N","MAD",2,26.82,40.9,10:10:00,"6/19/2025","6/20/2025",12:59:00,5.6,13,11
"165",432006,1,101.8,0,0,0,0,0,0,1,2,0,0,1,3,0,0,1,0,0,"Mild",37,1432006,"B+N","MAD",2,24.35,40.9,13:00:00,"6/19/2025","6/20/2025",13:21:00,7.6,14,12
"166",432006,2,102.3,0,0,0,0,0,0,2,0,1,0,2,3,0,0,0,0,0,"Normal",37,1432006,"B+N","MAD",2,24.35,40.9,13:00:00,"6/19/2025","6/20/2025",13:21:00,7.6,14,12
"167",432006,3,101.6,0,0,0,0,0,0,1,0,0,0,1,1,0,0,0,0,0,"Normal",37,1432006,"B+N","MAD",2,24.35,40.9,13:00:00,"6/19/2025","6/20/2025",13:21:00,7.6,14,12
"168",432006,4,102.1,0,0,0,0,0,0,2,0,0,0,2,2,0,0,0,0,0,"Normal",37,1432006,"B+N","MAD",2,24.35,40.9,13:00:00,"6/19/2025","6/20/2025",13:21:00,7.6,14,12
"169",432007,1,102.9,0,0,0,0,0,0,2,2,0,0,2,4,0,0,1,0,1,"Mild",45,1432007,"LIDO","MAD",2,24.8,50,13:00:00,"6/19/2025","6/20/2025",13:48:00,6.6,13,13
"170",432007,2,102.5,0,0,0,0,0,0,2,0,0,0,2,2,0,0,0,0,0,"Normal",45,1432007,"LIDO","MAD",2,24.8,50,13:00:00,"6/19/2025","6/20/2025",13:48:00,6.6,13,13
"171",432007,4,103.1,0,0,0,0,0,0,3,0,0,0,3,3,0,0,0,0,0,"Normal",45,1432007,"LIDO","MAD",2,24.8,50,13:00:00,"6/19/2025","6/20/2025",13:48:00,6.6,13,13
"172",432007,3,104.3,0,0,0,0,0,0,3,0,0,0,3,3,0,0,0,1,0,"Normal",45,1432007,"LIDO","MAD",2,24.8,50,13:00:00,"6/19/2025","6/20/2025",13:48:00,6.6,13,13
"173",432008,2,103.2,0,0,0,0,0,0,3,0,0,0,3,3,0,0,0,0,0,"Normal",44,1432008,"BO","MAD",2,24.6,44.1,13:10:00,"6/19/2025","6/20/2025",13:46:00,6.8,12,12
"174",432008,3,103.1,0,0,0,0,0,0,3,0,0,0,3,3,0,0,0,0,0,"Normal",44,1432008,"BO","MAD",2,24.6,44.1,13:10:00,"6/19/2025","6/20/2025",13:46:00,6.8,12,12
"175",432008,4,101.8,0,0,0,0,0,0,1,0,0,0,1,1,0,0,0,0,0,"Normal",44,1432008,"BO","MAD",2,24.6,44.1,13:10:00,"6/19/2025","6/20/2025",13:46:00,6.8,12,12
"176",432008,1,102.2,0,1,0,0,0,0,2,0,1,0,2,4,0,0,0,0,1,"Normal",44,1432008,"BO","MAD",2,24.6,44.1,13:10:00,"6/19/2025","6/20/2025",13:46:00,6.8,12,12
"177",432009,3,103.5,0,0,0,0,0,0,3,0,0,0,3,3,0,0,0,0,0,"Normal",36,1432009,"B+N","MAD",2,23.97,42.7,13:20:00,"6/19/2025","6/20/2025",13:18:00,6.5,14,32
"178",432009,4,104.1,0,0,0,0,0,0,3,0,0,0,3,3,0,0,0,1,0,"Normal",36,1432009,"B+N","MAD",2,23.97,42.7,13:20:00,"6/19/2025","6/20/2025",13:18:00,6.5,14,32
"179",432009,1,101.7,0,0,0,0,0,0,1,0,0,0,1,1,0,0,0,0,0,"Normal",36,1432009,"B+N","MAD",2,23.97,42.7,13:20:00,"6/19/2025","6/20/2025",13:18:00,6.5,14,32
"180",432009,2,102.4,0,0,0,0,0,0,2,0,1,0,2,3,0,0,0,0,0,"Normal",36,1432009,"B+N","MAD",2,23.97,42.7,13:20:00,"6/19/2025","6/20/2025",13:18:00,6.5,14,32
"181",432018,3,105.7,0,0,0,0,0,0,3,1,0,0,3,4,0,0,0,1,1,"Normal",47,1432044,"BO","MAD",2,22.38,29.5,22:56:00,"6/19/2025","6/20/2025",14:02:00,6.5,13,17
"182",432018,4,102.1,0,0,0,0,0,0,2,0,0,0,2,2,0,0,0,0,0,"Normal",47,1432044,"BO","MAD",2,22.38,29.5,22:56:00,"6/19/2025","6/20/2025",14:02:00,6.5,13,17
"183",432018,1,102.5,0,1,0,0,0,0,2,3,0,0,2,6,0,0,1,0,1,"Severe",47,1432044,"BO","MAD",2,22.38,29.5,22:56:00,"6/19/2025","6/20/2025",14:02:00,6.5,13,17
"184",432018,2,101.4,0,0,0,0,0,0,1,2,0,0,1,3,0,0,1,0,0,"Mild",47,1432044,"BO","MAD",2,22.38,29.5,22:56:00,"6/19/2025","6/20/2025",14:02:00,6.5,13,17
"185",432019,3,102.4,0,0,0,0,0,0,2,0,0,0,2,2,0,0,0,0,0,"Normal",42,1432019,"B+N","MAD",2,22.02,47.7,15:35:00,"6/19/2025","6/20/2025",13:36:00,6.1,13,12
"186",432019,4,102.5,0,0,0,0,0,0,2,0,0,0,2,2,0,0,0,0,0,"Normal",42,1432019,"B+N","MAD",2,22.02,47.7,15:35:00,"6/19/2025","6/20/2025",13:36:00,6.1,13,12
"187",432019,1,103,0,0,1,0,0,0,3,0,0,0,4,4,1,0,0,0,1,"Normal",42,1432019,"B+N","MAD",2,22.02,47.7,15:35:00,"6/19/2025","6/20/2025",13:36:00,6.1,13,12
"188",432019,2,103.2,0,0,0,0,0,0,3,0,0,0,3,3,0,0,0,0,0,"Normal",42,1432019,"B+N","MAD",2,22.02,47.7,15:35:00,"6/19/2025","6/20/2025",13:36:00,6.1,13,12
"189",432020,1,101.8,0,0,0,0,0,0,1,0,0,0,1,1,0,0,0,0,0,"Normal",48,1432020,"B+N","MAD",2,22.43,48.2,15:40:00,"6/19/2025","6/20/2025",14:06:00,6.9,12,12
"190",432020,4,103,0,0,0,0,0,0,3,0,1,0,3,4,0,0,0,0,1,"Normal",48,1432020,"B+N","MAD",2,22.43,48.2,15:40:00,"6/19/2025","6/20/2025",14:06:00,6.9,12,12
"191",432020,2,103.5,0,0,0,0,0,0,3,0,0,0,3,3,0,0,0,0,0,"Normal",48,1432020,"B+N","MAD",2,22.43,48.2,15:40:00,"6/19/2025","6/20/2025",14:06:00,6.9,12,12
"192",432020,3,103.7,0,0,0,0,0,0,3,0,1,0,3,4,0,0,0,1,1,"Normal",48,1432020,"B+N","MAD",2,22.43,48.2,15:40:00,"6/19/2025","6/20/2025",14:06:00,6.9,12,12
"193",432022,1,102.1,0,0,0,0,0,0,2,0,0,0,2,2,0,0,0,0,0,"Normal",64,1432022,"LIDO","MAD",2,23.17,32.3,15:50:00,"6/19/2025","6/20/2025",15:00:00,6.5,13,13
"194",432022,4,102.5,0,0,0,0,0,0,2,0,0,0,2,2,0,0,0,0,0,"Normal",64,1432022,"LIDO","MAD",2,23.17,32.3,15:50:00,"6/19/2025","6/20/2025",15:00:00,6.5,13,13
"195",432022,2,102.2,0,0,0,0,0,0,2,0,0,0,2,2,0,0,0,0,0,"Normal",64,1432022,"LIDO","MAD",2,23.17,32.3,15:50:00,"6/19/2025","6/20/2025",15:00:00,6.5,13,13
"196",432022,3,101.9,0,0,0,0,0,0,1,0,1,0,1,2,0,0,0,0,0,"Normal",64,1432022,"LIDO","MAD",2,23.17,32.3,15:50:00,"6/19/2025","6/20/2025",15:00:00,6.5,13,13
"197",432024,1,103.7,0,0,1,0,0,0,3,0,0,0,4,4,1,0,0,1,1,"Normal",38,1432024,"BO","MAD",2,22.38,37.3,15:00:00,"6/19/2025","6/20/2025",13:23:00,7,15,17
"198",432024,4,101.6,0,0,0,0,0,0,1,0,0,0,1,1,0,0,0,0,0,"Normal",38,1432024,"BO","MAD",2,22.38,37.3,15:00:00,"6/19/2025","6/20/2025",13:23:00,7,15,17
"199",432024,2,103.6,0,0,0,0,0,0,3,0,0,0,3,3,0,0,0,1,0,"Normal",38,1432024,"BO","MAD",2,22.38,37.3,15:00:00,"6/19/2025","6/20/2025",13:23:00,7,15,17
"200",432024,3,102.3,0,0,0,0,0,0,2,0,0,0,2,2,0,0,0,0,0,"Normal",38,1432024,"BO","MAD",2,22.38,37.3,15:00:00,"6/19/2025","6/20/2025",13:23:00,7,15,17
"201",432026,1,103.1,0,0,0,0,0,0,3,0,1,0,3,4,0,0,0,0,1,"Normal",62,1432026,"B+N","MAD",2,21.65,52.7,17:15:00,"6/19/2025","6/20/2025",14:54:00,6.5,10,15
"202",432026,2,103.1,0,0,0,0,0,0,3,0,1,0,3,4,0,0,0,0,1,"Normal",62,1432026,"B+N","MAD",2,21.65,52.7,17:15:00,"6/19/2025","6/20/2025",14:54:00,6.5,10,15
"203",432026,3,103.8,0,0,0,0,0,0,3,0,1,0,3,4,0,0,0,1,1,"Normal",62,1432026,"B+N","MAD",2,21.65,52.7,17:15:00,"6/19/2025","6/20/2025",14:54:00,6.5,10,15
"204",432026,4,102.4,0,0,0,0,0,0,2,0,0,0,2,2,0,0,0,0,0,"Normal",62,1432026,"B+N","MAD",2,21.65,52.7,17:15:00,"6/19/2025","6/20/2025",14:54:00,6.5,10,15
"205",432027,1,102.3,0,0,0,0,0,0,2,0,0,0,2,2,0,0,0,0,0,"Normal",53,1432027,"B+N","MAD",2,20.57,61.4,17:50:00,"6/19/2025","6/20/2025",14:24:00,7,11,16
"206",432027,2,102.3,0,0,0,0,0,0,2,0,0,0,2,2,0,0,0,0,0,"Normal",53,1432027,"B+N","MAD",2,20.57,61.4,17:50:00,"6/19/2025","6/20/2025",14:24:00,7,11,16
"207",432027,3,101.8,0,0,0,0,0,0,1,0,0,0,1,1,0,0,0,0,0,"Normal",53,1432027,"B+N","MAD",2,20.57,61.4,17:50:00,"6/19/2025","6/20/2025",14:24:00,7,11,16
"208",432027,4,101.6,0,0,0,0,0,0,1,0,0,0,1,1,0,0,0,0,0,"Normal",53,1432027,"B+N","MAD",2,20.57,61.4,17:50:00,"6/19/2025","6/20/2025",14:24:00,7,11,16
"209",432028,1,102.5,0,0,0,0,0,0,2,0,0,0,2,2,0,0,0,0,0,"Normal",60,1432028,"B+N","MAD",2,20.95,36.4,17:50:00,"6/19/2025","6/20/2025",14:47:00,8.1,9,13
"210",432028,2,102.4,0,0,0,0,0,0,2,0,0,0,2,2,0,0,0,0,0,"Normal",60,1432028,"B+N","MAD",2,20.95,36.4,17:50:00,"6/19/2025","6/20/2025",14:47:00,8.1,9,13
"211",432028,4,102.2,0,1,0,0,0,0,2,0,0,0,2,3,0,0,0,0,0,"Normal",60,1432028,"B+N","MAD",2,20.95,36.4,17:50:00,"6/19/2025","6/20/2025",14:47:00,8.1,9,13
"212",432028,3,104.5,0,0,0,0,0,0,3,1,0,0,3,4,0,0,0,1,1,"Normal",60,1432028,"B+N","MAD",2,20.95,36.4,17:50:00,"6/19/2025","6/20/2025",14:47:00,8.1,9,13
"213",432029,2,102.5,0,0,0,0,0,0,2,0,0,0,2,2,0,0,0,0,0,"Normal",41,1432029,"BO","MAD",2,18.98,37.7,18:35:00,"6/19/2025","6/20/2025",13:34:00,7.2,13,12
"214",432029,3,102.5,0,0,0,0,0,0,2,0,0,0,2,2,0,0,0,0,0,"Normal",41,1432029,"BO","MAD",2,18.98,37.7,18:35:00,"6/19/2025","6/20/2025",13:34:00,7.2,13,12
"215",432029,4,103.5,0,0,0,0,0,0,3,0,0,0,3,3,0,0,0,0,0,"Normal",41,1432029,"BO","MAD",2,18.98,37.7,18:35:00,"6/19/2025","6/20/2025",13:34:00,7.2,13,12
"216",432029,1,101.9,0,0,0,0,0,0,1,0,0,0,1,1,0,0,0,0,0,"Normal",41,1432029,"BO","MAD",2,18.98,37.7,18:35:00,"6/19/2025","6/20/2025",13:34:00,7.2,13,12
"217",432031,3,102.6,0,0,0,0,0,0,2,0,0,0,2,2,0,0,0,0,0,"Normal",33,1432031,"BO","MAD",2,17.3,42.3,19:49:00,"6/19/2025","6/20/2025",13:07:00,7.1,14,12
"218",432031,4,102.8,0,0,0,0,0,0,2,0,0,0,2,2,0,0,0,0,0,"Normal",33,1432031,"BO","MAD",2,17.3,42.3,19:49:00,"6/19/2025","6/20/2025",13:07:00,7.1,14,12
"219",432031,1,101.3,0,0,0,0,0,0,1,0,0,0,1,1,0,0,0,0,0,"Normal",33,1432031,"BO","MAD",2,17.3,42.3,19:49:00,"6/19/2025","6/20/2025",13:07:00,7.1,14,12
"220",432031,2,103.1,0,0,0,0,0,0,3,0,1,0,3,4,0,0,0,0,1,"Normal",33,1432031,"BO","MAD",2,17.3,42.3,19:49:00,"6/19/2025","6/20/2025",13:07:00,7.1,14,12
"221",432032,3,101.2,0,0,0,0,0,0,1,0,0,0,1,1,0,0,0,0,0,"Normal",35,1432032,"BO","MAD",2,17.05,35.5,20:10:00,"6/19/2025","6/20/2025",13:13:00,6.6,13,12
"222",432032,4,101.6,0,0,0,0,0,0,1,0,0,0,1,1,0,0,0,0,0,"Normal",35,1432032,"BO","MAD",2,17.05,35.5,20:10:00,"6/19/2025","6/20/2025",13:13:00,6.6,13,12
"223",432032,1,101.7,0,0,0,0,0,0,1,0,0,0,1,1,0,0,0,0,0,"Normal",35,1432032,"BO","MAD",2,17.05,35.5,20:10:00,"6/19/2025","6/20/2025",13:13:00,6.6,13,12
"224",432032,2,102.6,0,0,0,0,0,0,2,0,0,0,2,2,0,0,0,0,0,"Normal",35,1432032,"BO","MAD",2,17.05,35.5,20:10:00,"6/19/2025","6/20/2025",13:13:00,6.6,13,12
"225",432035,3,103.7,0,0,0,0,0,0,3,0,0,0,3,3,0,0,0,1,0,"Normal",56,1432035,"LIDO","MAD",2,17.48,40.9,21:06:00,"6/19/2025","6/20/2025",14:35:00,6.9,13,13
"226",432035,4,101.9,0,0,0,0,0,0,3,0,0,0,3,3,0,0,0,0,0,"Normal",56,1432035,"LIDO","MAD",2,17.48,40.9,21:06:00,"6/19/2025","6/20/2025",14:35:00,6.9,13,13
"227",432035,1,101.9,0,0,0,0,0,0,1,0,0,0,1,1,0,0,0,0,0,"Normal",56,1432035,"LIDO","MAD",2,17.48,40.9,21:06:00,"6/19/2025","6/20/2025",14:35:00,6.9,13,13
"228",432035,2,102.1,0,0,0,0,0,0,2,0,0,0,2,2,0,0,0,0,0,"Normal",56,1432035,"LIDO","MAD",2,17.48,40.9,21:06:00,"6/19/2025","6/20/2025",14:35:00,6.9,13,13
"229",432038,1,102.6,0,0,0,0,0,0,2,0,0,0,2,2,0,0,0,0,0,"Normal",52,1432038,"BO","MAD",2,15.37,41.8,23:00:00,"6/19/2025","6/20/2025",14:22:00,7,11,13
"230",432038,4,102.6,0,1,0,0,0,0,2,0,1,0,2,4,0,0,0,0,1,"Normal",52,1432038,"BO","MAD",2,15.37,41.8,23:00:00,"6/19/2025","6/20/2025",14:22:00,7,11,13
"231",432038,2,103.2,0,0,0,0,0,0,3,0,1,0,3,4,0,0,0,0,1,"Normal",52,1432038,"BO","MAD",2,15.37,41.8,23:00:00,"6/19/2025","6/20/2025",14:22:00,7,11,13
"232",432038,3,102.3,0,0,0,0,0,0,2,0,1,0,2,3,0,0,0,0,0,"Normal",52,1432038,"BO","MAD",2,15.37,41.8,23:00:00,"6/19/2025","6/20/2025",14:22:00,7,11,13
"233",432040,1,102.2,0,0,0,0,0,0,2,0,0,0,2,2,0,0,0,0,0,"Normal",39,1432040,"LIDO","MAD",2,14.95,32.3,22:30:00,"6/19/2025","6/20/2025",13:27:00,7.2,13,21
"234",432040,4,103.8,0,0,0,0,0,0,3,0,0,0,3,3,0,0,0,1,0,"Normal",39,1432040,"LIDO","MAD",2,14.95,32.3,22:30:00,"6/19/2025","6/20/2025",13:27:00,7.2,13,21
"235",432040,2,103.5,0,0,0,0,0,0,3,3,0,0,3,6,0,0,1,0,1,"Severe",39,1432040,"LIDO","MAD",2,14.95,32.3,22:30:00,"6/19/2025","6/20/2025",13:27:00,7.2,13,21
"236",432040,3,104,0,0,0,0,0,0,3,1,0,0,3,4,0,0,0,1,1,"Normal",39,1432040,"LIDO","MAD",2,14.95,32.3,22:30:00,"6/19/2025","6/20/2025",13:27:00,7.2,13,21
"237",432044,1,102.5,0,0,0,0,0,0,2,0,0,0,2,2,0,0,0,0,0,"Normal",46,1432019,"LIDO","MAD",2,15.1,41.8,15:29:00,"6/19/2025","6/20/2025",13:52:00,7.4,13,13
"238",432044,3,102.7,0,0,0,0,0,0,2,0,0,0,2,2,0,0,0,0,0,"Normal",46,1432019,"LIDO","MAD",2,15.1,41.8,15:29:00,"6/19/2025","6/20/2025",13:52:00,7.4,13,13
"239",432045,2,103.3,0,0,0,0,0,0,3,0,0,0,3,3,0,0,0,0,0,"Normal",50,1432045,"B+N","MAD",2,38.2,40.9,00:03:00,"6/19/2025","6/20/2025",14:15:00,6.2,12,11
"240",432045,3,103,0,0,0,0,0,0,3,0,0,0,3,3,0,0,0,0,0,"Normal",50,1432045,"B+N","MAD",2,38.2,40.9,00:03:00,"6/19/2025","6/20/2025",14:15:00,6.2,12,11
"241",432045,4,101.2,0,0,0,0,0,0,1,0,0,0,1,1,0,0,0,0,0,"Normal",50,1432045,"B+N","MAD",2,38.2,40.9,00:03:00,"6/19/2025","6/20/2025",14:15:00,6.2,12,11
"242",432045,1,102.2,0,0,0,0,0,0,2,0,1,0,2,3,0,0,0,0,0,"Normal",50,1432045,"B+N","MAD",2,38.2,40.9,00:03:00,"6/19/2025","6/20/2025",14:15:00,6.2,12,11
"243",432048,3,103.6,0,0,0,0,0,0,3,0,0,0,3,3,0,0,0,1,0,"Normal",63,1432048,"LIDO","MAD",2,28.2,32.3,00:46:00,"6/20/2025","6/20/2025",14:58:00,7.5,11,15
"244",432048,4,103.1,0,0,0,0,0,0,3,0,0,0,3,3,0,0,0,0,0,"Normal",63,1432048,"LIDO","MAD",2,28.2,32.3,00:46:00,"6/20/2025","6/20/2025",14:58:00,7.5,11,15
"245",432048,1,102.7,0,1,0,0,3,0,2,0,0,0,5,6,1,0,0,0,1,"Normal",63,1432048,"LIDO","MAD",2,28.2,32.3,00:46:00,"6/20/2025","6/20/2025",14:58:00,7.5,11,15
"246",432048,2,105.4,0,0,0,0,0,0,3,0,0,0,3,3,0,0,0,1,0,"Normal",63,1432048,"LIDO","MAD",2,28.2,32.3,00:46:00,"6/20/2025","6/20/2025",14:58:00,7.5,11,15
"247",432050,3,101.1,0,0,0,0,0,0,1,0,0,0,1,1,0,0,0,0,0,"Normal",57,1432050,"BO","MAD",2,38.02,34.5,00:40:00,"6/20/2025","6/20/2025",14:41:00,7,14,15
"248",432050,4,100.7,0,0,0,0,0,0,0,0,0,0,0,0,0,0,0,0,0,"Normal",57,1432050,"BO","MAD",2,38.02,34.5,00:40:00,"6/20/2025","6/20/2025",14:41:00,7,14,15
"249",432050,1,101,0,0,0,0,0,0,1,0,0,0,1,1,0,0,0,0,0,"Normal",57,1432050,"BO","MAD",2,38.02,34.5,00:40:00,"6/20/2025","6/20/2025",14:41:00,7,14,15
"250",432050,2,102.7,0,0,0,0,0,0,2,0,0,0,2,2,0,0,0,0,0,"Normal",57,1432050,"BO","MAD",2,38.02,34.5,00:40:00,"6/20/2025","6/20/2025",14:41:00,7,14,15
"251",433954,1,102.5,0,0,0,0,0,0,2,0,0,0,2,2,0,0,0,0,0,"Normal",73,1433954,"LIDO","MAD",3,34.22,46.8,02:45:00,"7/24/2025","7/25/2025",12:58:00,6.6,14,13
"252",433954,2,100.8,0,0,0,0,0,0,0,0,0,0,0,0,0,0,0,0,0,"Normal",73,1433954,"LIDO","MAD",3,34.22,46.8,02:45:00,"7/24/2025","7/25/2025",12:58:00,6.6,14,13
"253",433954,3,102.9,0,0,0,0,0,0,2,1,0,0,2,3,0,0,0,0,0,"Normal",73,1433954,"LIDO","MAD",3,34.22,46.8,02:45:00,"7/24/2025","7/25/2025",12:58:00,6.6,14,13
"254",433954,4,101.2,0,0,0,0,0,0,1,0,0,0,1,1,0,0,0,0,0,"Normal",73,1433954,"LIDO","MAD",3,34.22,46.8,02:45:00,"7/24/2025","7/25/2025",12:58:00,6.6,14,13
"255",433958,1,102.6,0,0,0,0,0,0,2,0,2,0,2,4,0,0,0,0,1,"Normal",70,1433958,"LIDO","MAD",3,32.57,43.2,04:15:00,"7/24/2025","7/25/2025",12:49:00,5.9,12,11
"256",433958,2,100.4,0,0,0,0,0,0,0,0,0,0,0,0,0,0,0,0,0,"Normal",70,1433958,"LIDO","MAD",3,32.57,43.2,04:15:00,"7/24/2025","7/25/2025",12:49:00,5.9,12,11
"257",433958,3,102.8,0,0,0,0,0,0,2,0,1,0,2,3,0,0,0,0,0,"Normal",70,1433958,"LIDO","MAD",3,32.57,43.2,04:15:00,"7/24/2025","7/25/2025",12:49:00,5.9,12,11
"258",433958,4,101.5,0,0,0,0,0,0,1,0,0,0,1,1,0,0,0,0,0,"Normal",70,1433958,"LIDO","MAD",3,32.57,43.2,04:15:00,"7/24/2025","7/25/2025",12:49:00,5.9,12,11
"259",433959,1,103.6,0,0,0,0,0,0,3,0,2,0,3,5,0,0,0,1,1,"Normal",76,1433959,"LIDO","MAD",3,32.82,49.1,04:17:00,"7/24/2025","7/25/2025",13:06:00,6.7,11,13
"260",433959,2,102.9,0,0,0,0,0,0,2,0,2,0,2,4,0,0,0,0,1,"Normal",76,1433959,"LIDO","MAD",3,32.82,49.1,04:17:00,"7/24/2025","7/25/2025",13:06:00,6.7,11,13
"261",433959,3,103.6,0,0,0,0,0,0,3,3,1,0,3,7,0,0,1,1,1,"Severe",76,1433959,"LIDO","MAD",3,32.82,49.1,04:17:00,"7/24/2025","7/25/2025",13:06:00,6.7,11,13
"262",433959,4,101.9,0,0,0,0,0,0,1,2,0,0,1,3,0,0,1,0,0,"Mild",76,1433959,"LIDO","MAD",3,32.82,49.1,04:17:00,"7/24/2025","7/25/2025",13:06:00,6.7,11,13
"263",433960,1,103.3,0,0,0,0,0,0,3,0,0,0,3,3,0,0,0,0,0,"Normal",71,1443960,"BO","MAD",3,32.55,48.6,04:18:00,"7/24/2025","7/25/2025",12:51:00,6.5,10,10
"264",433960,2,102.2,0,0,0,0,0,0,2,0,0,0,2,2,0,0,0,0,0,"Normal",71,1443960,"BO","MAD",3,32.55,48.6,04:18:00,"7/24/2025","7/25/2025",12:51:00,6.5,10,10
"265",433960,3,102.4,0,0,0,0,0,0,2,0,0,0,2,2,0,0,0,0,0,"Normal",71,1443960,"BO","MAD",3,32.55,48.6,04:18:00,"7/24/2025","7/25/2025",12:51:00,6.5,10,10
"266",433960,4,101.9,0,0,0,0,0,0,1,0,0,0,1,1,0,0,0,0,0,"Normal",71,1443960,"BO","MAD",3,32.55,48.6,04:18:00,"7/24/2025","7/25/2025",12:51:00,6.5,10,10
"267",433965,1,100.3,0,0,0,0,0,0,0,0,0,0,0,0,0,0,0,0,0,"Normal",80,1433965,"B+N","MAD",3,31.58,46.4,05:46:00,"7/24/2025","7/25/2025",13:21:00,6.9,11,12
"268",433965,2,102.1,0,0,0,0,0,0,2,0,0,0,2,2,0,0,0,0,0,"Normal",80,1433965,"B+N","MAD",3,31.58,46.4,05:46:00,"7/24/2025","7/25/2025",13:21:00,6.9,11,12
"269",433965,3,101.7,0,0,0,0,0,0,1,1,0,0,1,2,0,0,0,0,0,"Normal",80,1433965,"B+N","MAD",3,31.58,46.4,05:46:00,"7/24/2025","7/25/2025",13:21:00,6.9,11,12
"270",433965,4,102.4,0,0,0,0,0,0,2,0,0,0,2,2,0,0,0,0,0,"Normal",80,1433965,"B+N","MAD",3,31.58,46.4,05:46:00,"7/24/2025","7/25/2025",13:21:00,6.9,11,12
"271",433967,1,103,0,0,0,0,0,0,3,0,0,0,3,3,0,0,0,0,0,"Normal",74,1433967,"B+N","MAD",3,30.85,38.2,06:10:00,"7/24/2025","7/25/2025",13:01:00,7.2,14,13
"272",433967,2,103.1,0,0,0,0,0,0,3,0,0,0,3,3,0,0,0,0,0,"Normal",74,1433967,"B+N","MAD",3,30.85,38.2,06:10:00,"7/24/2025","7/25/2025",13:01:00,7.2,14,13
"273",433967,3,101.9,0,0,0,0,0,0,1,0,0,0,1,1,0,0,0,0,0,"Normal",74,1433967,"B+N","MAD",3,30.85,38.2,06:10:00,"7/24/2025","7/25/2025",13:01:00,7.2,14,13
"274",433967,4,101.1,0,0,0,0,0,0,1,0,0,0,1,1,0,0,0,0,0,"Normal",74,1433967,"B+N","MAD",3,30.85,38.2,06:10:00,"7/24/2025","7/25/2025",13:01:00,7.2,14,13
"275",433969,1,102.4,0,0,0,0,0,0,2,1,2,0,2,5,0,0,0,0,1,"Normal",92,1433969,"BO","MAD",3,31.68,50,06:20:00,"7/24/2025","7/25/2025",14:01:00,6.6,12,13
"276",433969,2,101.1,0,0,0,0,0,0,1,0,1,0,1,2,0,0,0,0,0,"Normal",92,1433969,"BO","MAD",3,31.68,50,06:20:00,"7/24/2025","7/25/2025",14:01:00,6.6,12,13
"277",433969,3,102.9,0,0,0,0,0,0,2,0,0,0,2,2,0,0,0,0,0,"Normal",92,1433969,"BO","MAD",3,31.68,50,06:20:00,"7/24/2025","7/25/2025",14:01:00,6.6,12,13
"278",433969,4,101.7,0,0,0,0,0,0,1,0,0,0,1,1,0,0,0,0,0,"Normal",92,1433969,"BO","MAD",3,31.68,50,06:20:00,"7/24/2025","7/25/2025",14:01:00,6.6,12,13
"279",433970,1,102.5,0,0,0,0,0,0,2,0,0,0,2,2,0,0,0,0,0,"Normal",78,1433970,"BO","MAD",3,31,50.5,06:15:00,"7/24/2025","7/25/2025",13:15:00,6.4,11,16
"280",433970,2,102.3,0,0,0,0,0,0,2,0,0,0,2,2,0,0,0,0,0,"Normal",78,1433970,"BO","MAD",3,31,50.5,06:15:00,"7/24/2025","7/25/2025",13:15:00,6.4,11,16
"281",433970,3,103.5,0,0,0,0,0,0,3,0,0,0,3,3,0,0,0,0,0,"Normal",78,1433970,"BO","MAD",3,31,50.5,06:15:00,"7/24/2025","7/25/2025",13:15:00,6.4,11,16
"282",433970,4,101.9,0,0,0,0,0,0,1,0,0,0,1,1,0,0,0,0,0,"Normal",78,1433970,"BO","MAD",3,31,50.5,06:15:00,"7/24/2025","7/25/2025",13:15:00,6.4,11,16
"283",433971,1,102.8,0,0,0,0,0,0,2,0,0,0,2,2,0,0,0,0,0,"Normal",93,1433971,"B+N","MAD",3,29.93,42.7,08:10:00,"7/24/2025","7/25/2025",14:06:00,7.6,14,11
"284",433971,2,103.1,0,0,0,0,0,0,3,1,0,0,3,4,0,0,0,0,1,"Normal",93,1433971,"B+N","MAD",3,29.93,42.7,08:10:00,"7/24/2025","7/25/2025",14:06:00,7.6,14,11
"285",433971,3,103.9,0,0,0,0,0,0,3,1,1,0,3,5,0,0,0,1,1,"Normal",93,1433971,"B+N","MAD",3,29.93,42.7,08:10:00,"7/24/2025","7/25/2025",14:06:00,7.6,14,11
"286",433971,4,103.1,0,0,0,0,0,0,3,0,0,0,3,3,0,0,0,0,0,"Normal",93,1433971,"B+N","MAD",3,29.93,42.7,08:10:00,"7/24/2025","7/25/2025",14:06:00,7.6,14,11
"287",433975,1,102.3,0,0,0,0,0,0,2,0,0,0,2,2,0,0,0,0,0,"Normal",83,1433975,"B+N","MAD",3,26.12,35,11:25:00,"7/24/2025","7/25/2025",13:32:00,7.5,14,13
"288",433975,2,102.4,0,0,0,0,0,0,2,0,0,0,2,2,0,0,0,0,0,"Normal",83,1433975,"B+N","MAD",3,26.12,35,11:25:00,"7/24/2025","7/25/2025",13:32:00,7.5,14,13
"289",433975,3,103.2,0,0,0,0,0,0,3,0,0,0,3,3,0,0,0,0,0,"Normal",83,1433975,"B+N","MAD",3,26.12,35,11:25:00,"7/24/2025","7/25/2025",13:32:00,7.5,14,13
"290",433975,4,102.5,0,0,0,0,0,0,2,0,0,0,2,2,0,0,0,0,0,"Normal",83,1433975,"B+N","MAD",3,26.12,35,11:25:00,"7/24/2025","7/25/2025",13:32:00,7.5,14,13
"291",433978,1,102,0,0,0,0,0,0,2,0,0,0,2,2,0,0,0,0,0,"Normal",77,1433978,"B+N","MAD",3,24.47,41.8,12:42:00,"7/24/2025","7/25/2025",13:10:00,7.2,12,11
"292",433978,2,101.7,0,0,0,0,0,0,1,0,0,0,1,1,0,0,0,0,0,"Normal",77,1433978,"B+N","MAD",3,24.47,41.8,12:42:00,"7/24/2025","7/25/2025",13:10:00,7.2,12,11
"293",433978,3,101,0,0,0,0,0,0,1,0,0,0,1,1,0,0,0,0,0,"Normal",77,1433978,"B+N","MAD",3,24.47,41.8,12:42:00,"7/24/2025","7/25/2025",13:10:00,7.2,12,11
"294",433978,4,99.9,0,0,0,0,0,0,0,0,0,0,0,0,0,0,0,0,0,"Normal",77,1433978,"B+N","MAD",3,24.47,41.8,12:42:00,"7/24/2025","7/25/2025",13:10:00,7.2,12,11
"295",433979,1,102.2,0,0,0,0,0,0,2,0,0,0,2,2,0,0,0,0,0,"Normal",79,1433979,"BO","MAD",3,24.07,50,13:15:00,"7/24/2025","7/25/2025",13:19:00,6.7,10,12
"296",433979,2,101.7,0,0,0,0,0,0,1,0,1,0,1,2,0,0,0,0,0,"Normal",79,1433979,"BO","MAD",3,24.07,50,13:15:00,"7/24/2025","7/25/2025",13:19:00,6.7,10,12
"297",433979,3,102,0,0,0,0,0,0,2,0,2,0,2,4,0,0,0,0,1,"Normal",79,1433979,"BO","MAD",3,24.07,50,13:15:00,"7/24/2025","7/25/2025",13:19:00,6.7,10,12
"298",433979,4,102.6,0,0,0,0,0,0,2,0,0,0,2,2,0,0,0,0,0,"Normal",79,1433979,"BO","MAD",3,24.07,50,13:15:00,"7/24/2025","7/25/2025",13:19:00,6.7,10,12
"299",433980,1,103.4,0,0,0,0,0,0,3,0,0,0,3,3,0,0,0,0,0,"Normal",85,1433980,"B+N","MAD",3,23.12,39.1,14:32:00,"7/24/2025","7/25/2025",13:39:00,6.7,12,12
"300",433980,2,102,0,0,0,0,0,0,2,0,0,0,2,2,0,0,0,0,0,"Normal",85,1433980,"B+N","MAD",3,23.12,39.1,14:32:00,"7/24/2025","7/25/2025",13:39:00,6.7,12,12
"301",433980,3,102.4,0,0,0,0,0,0,2,1,0,0,2,3,0,0,0,0,0,"Normal",85,1433980,"B+N","MAD",3,23.12,39.1,14:32:00,"7/24/2025","7/25/2025",13:39:00,6.7,12,12
"302",433980,4,102.2,0,0,0,0,0,0,2,0,0,0,2,2,0,0,0,0,0,"Normal",85,1433980,"B+N","MAD",3,23.12,39.1,14:32:00,"7/24/2025","7/25/2025",13:39:00,6.7,12,12
"303",433981,1,102.8,0,0,0,0,0,0,2,0,2,0,2,4,0,0,0,0,1,"Normal",91,1433981,"LIDO","MAD",3,23.32,45.9,14:39:00,"7/24/2025","7/25/2025",13:58:00,7.6,15,14
"304",433981,2,102.5,0,0,0,0,0,0,2,0,2,0,2,4,0,0,0,0,1,"Normal",91,1433981,"LIDO","MAD",3,23.32,45.9,14:39:00,"7/24/2025","7/25/2025",13:58:00,7.6,15,14
"305",433981,3,103.8,0,0,0,0,0,0,3,0,0,0,3,3,0,0,0,1,0,"Normal",91,1433981,"LIDO","MAD",3,23.32,45.9,14:39:00,"7/24/2025","7/25/2025",13:58:00,7.6,15,14
"306",433981,4,103.2,0,0,0,0,0,0,3,0,0,0,3,3,0,0,0,0,0,"Normal",91,1433981,"LIDO","MAD",3,23.32,45.9,14:39:00,"7/24/2025","7/25/2025",13:58:00,7.6,15,14
"307",433982,1,102.3,0,0,0,0,0,0,2,0,0,0,2,2,0,0,0,0,0,"Normal",86,1433982,"LIDO","MAD",3,21.98,45.9,15:43:00,"7/24/2025","7/25/2025",13:42:00,6.7,12,10
"308",433982,2,101.9,0,0,0,0,0,0,1,0,0,0,1,1,0,0,0,0,0,"Normal",86,1433982,"LIDO","MAD",3,21.98,45.9,15:43:00,"7/24/2025","7/25/2025",13:42:00,6.7,12,10
"309",433982,3,102.1,0,0,0,0,0,0,2,0,0,0,2,2,0,0,0,0,0,"Normal",86,1433982,"LIDO","MAD",3,21.98,45.9,15:43:00,"7/24/2025","7/25/2025",13:42:00,6.7,12,10
"310",433982,4,100.7,0,0,0,0,0,0,0,0,0,0,0,0,0,0,0,0,0,"Normal",86,1433982,"LIDO","MAD",3,21.98,45.9,15:43:00,"7/24/2025","7/25/2025",13:42:00,6.7,12,10
"311",433984,1,101.7,0,0,0,0,0,0,1,0,0,0,1,1,0,0,0,0,0,"Normal",90,1433984,"BO","MAD",3,21.18,44.1,16:43:00,"7/24/2025","7/25/2025",13:54:00,6.7,11,15
"312",433984,2,101.8,0,0,0,0,0,0,1,0,0,0,1,1,0,0,0,0,0,"Normal",90,1433984,"BO","MAD",3,21.18,44.1,16:43:00,"7/24/2025","7/25/2025",13:54:00,6.7,11,15
"313",433984,3,101.6,0,0,0,0,0,0,1,0,0,0,1,1,0,0,0,0,0,"Normal",90,1433984,"BO","MAD",3,21.18,44.1,16:43:00,"7/24/2025","7/25/2025",13:54:00,6.7,11,15
"314",433984,4,102.6,0,0,0,0,0,0,2,0,0,0,2,2,0,0,0,0,0,"Normal",90,1433984,"BO","MAD",3,21.18,44.1,16:43:00,"7/24/2025","7/25/2025",13:54:00,6.7,11,15
"315",433988,1,102.3,0,0,0,0,0,0,2,0,0,0,2,2,0,0,0,0,0,"Normal",94,1433988,"LIDO","MAD",3,20.75,40.5,17:25:00,"7/24/2025","7/25/2025",14:10:00,7,10,13
"316",433988,2,102.7,0,0,0,0,0,0,2,0,2,0,2,4,0,0,0,0,1,"Normal",94,1433988,"LIDO","MAD",3,20.75,40.5,17:25:00,"7/24/2025","7/25/2025",14:10:00,7,10,13
"317",433988,3,103,0,0,0,0,0,0,3,0,2,0,3,5,0,0,0,0,1,"Normal",94,1433988,"LIDO","MAD",3,20.75,40.5,17:25:00,"7/24/2025","7/25/2025",14:10:00,7,10,13
"318",433988,4,101.8,0,0,0,0,0,0,1,0,1,0,1,2,0,0,0,0,0,"Normal",94,1433988,"LIDO","MAD",3,20.75,40.5,17:25:00,"7/24/2025","7/25/2025",14:10:00,7,10,13
"319",433994,1,101.9,0,0,0,0,0,0,1,0,0,0,1,1,0,0,0,0,0,"Normal",84,1433994,"LIDO","MAD",3,17.58,44.1,20:00:00,"7/24/2025","7/25/2025",13:35:00,6.6,10,11
"320",433994,2,102.1,0,0,0,0,0,0,2,0,0,0,2,2,0,0,0,0,0,"Normal",84,1433994,"LIDO","MAD",3,17.58,44.1,20:00:00,"7/24/2025","7/25/2025",13:35:00,6.6,10,11
"321",433994,3,102.5,0,0,0,0,0,0,2,0,0,0,2,2,0,0,0,0,0,"Normal",84,1433994,"LIDO","MAD",3,17.58,44.1,20:00:00,"7/24/2025","7/25/2025",13:35:00,6.6,10,11
"322",433994,4,101.2,0,0,0,0,0,0,1,0,0,0,1,1,0,0,0,0,0,"Normal",84,1433994,"LIDO","MAD",3,17.58,44.1,20:00:00,"7/24/2025","7/25/2025",13:35:00,6.6,10,11
"323",433995,1,102.6,0,0,0,0,0,0,2,0,0,0,2,2,0,0,0,0,0,"Normal",88,1433995,"LIDO","MAD",3,17.37,43.6,20:25:00,"7/24/2025","7/25/2025",13:47:00,6.8,12,13
"324",433995,2,103.6,0,0,0,0,0,0,3,2,0,0,3,5,0,0,1,1,1,"Mild",88,1433995,"LIDO","MAD",3,17.37,43.6,20:25:00,"7/24/2025","7/25/2025",13:47:00,6.8,12,13
"325",433995,3,103.3,0,0,0,0,0,0,3,2,0,0,3,5,0,0,1,0,1,"Mild",88,1433995,"LIDO","MAD",3,17.37,43.6,20:25:00,"7/24/2025","7/25/2025",13:47:00,6.8,12,13
"326",433995,4,102.5,0,0,2,1,0,0,2,2,0,0,5,7,1,0,1,0,1,"Mild",88,1433995,"LIDO","MAD",3,17.37,43.6,20:25:00,"7/24/2025","7/25/2025",13:47:00,6.8,12,13
"327",433996,1,102.7,0,0,0,0,0,0,2,0,0,0,2,2,0,0,0,0,0,"Normal",75,1433996,"BO","MAD",3,16.52,50.5,20:32:00,"7/24/2025","7/25/2025",13:03:00,7.2,14,19
"328",433996,2,103.2,0,0,0,0,0,0,3,0,0,0,3,3,0,0,0,0,0,"Normal",75,1433996,"BO","MAD",3,16.52,50.5,20:32:00,"7/24/2025","7/25/2025",13:03:00,7.2,14,19
"329",433996,3,103.3,0,0,0,0,0,0,3,0,1,0,3,4,0,0,0,0,1,"Normal",75,1433996,"BO","MAD",3,16.52,50.5,20:32:00,"7/24/2025","7/25/2025",13:03:00,7.2,14,19
"330",433996,4,102.9,0,0,0,0,0,0,2,0,1,0,2,3,0,0,0,0,0,"Normal",75,1433996,"BO","MAD",3,16.52,50.5,20:32:00,"7/24/2025","7/25/2025",13:03:00,7.2,14,19
"331",434000,1,102.3,0,0,0,0,0,0,2,0,0,0,2,2,0,0,0,0,0,"Normal",89,1434000,"B+N","MAD",3,16.32,34.5,21:32:00,"7/24/2025","7/25/2025",13:51:00,6.7,11,11
"332",434000,2,100.8,0,0,0,0,0,0,0,0,1,0,0,1,0,0,0,0,0,"Normal",89,1434000,"B+N","MAD",3,16.32,34.5,21:32:00,"7/24/2025","7/25/2025",13:51:00,6.7,11,11
"333",434000,3,103.1,0,0,0,0,0,0,3,0,1,0,3,4,0,0,0,0,1,"Normal",89,1434000,"B+N","MAD",3,16.32,34.5,21:32:00,"7/24/2025","7/25/2025",13:51:00,6.7,11,11
"334",434000,4,101.2,0,0,0,0,0,0,1,0,0,0,1,1,0,0,0,0,0,"Normal",89,1434000,"B+N","MAD",3,16.32,34.5,21:32:00,"7/24/2025","7/25/2025",13:51:00,6.7,11,11
"335",434002,1,102.7,0,0,0,0,0,0,2,0,0,0,2,2,0,0,0,0,0,"Normal",82,1434002,"BO","MAD",3,15.5,36.8,22:00:00,"7/24/2025","7/25/2025",13:30:00,7,12,16
"336",434002,2,101.8,0,0,0,0,0,0,1,0,0,0,1,1,0,0,0,0,0,"Normal",82,1434002,"BO","MAD",3,15.5,36.8,22:00:00,"7/24/2025","7/25/2025",13:30:00,7,12,16
"337",434002,3,103.2,0,0,0,0,0,0,3,2,0,0,3,5,0,0,1,0,1,"Mild",82,1434002,"BO","MAD",3,15.5,36.8,22:00:00,"7/24/2025","7/25/2025",13:30:00,7,12,16
"338",434002,4,100.9,0,0,0,0,0,0,0,0,0,0,0,0,0,0,0,0,0,"Normal",82,1434002,"BO","MAD",3,15.5,36.8,22:00:00,"7/24/2025","7/25/2025",13:30:00,7,12,16
"339",449432,1,102.2,0,0,0,0,0,0,2,0,0,0,2,2,0,0,0,0,0,"Normal",69,1449432,"LIDO","CAD",3,34.17,42.7,02:35:00,"7/24/2025","7/25/2025",12:45:00,7.3,12,12
"340",449432,2,102.4,0,0,0,0,0,0,2,0,1,0,2,3,0,0,0,0,0,"Normal",69,1449432,"LIDO","CAD",3,34.17,42.7,02:35:00,"7/24/2025","7/25/2025",12:45:00,7.3,12,12
"341",449432,3,102.9,0,0,0,0,0,0,2,0,0,0,2,2,0,0,0,0,0,"Normal",69,1449432,"LIDO","CAD",3,34.17,42.7,02:35:00,"7/24/2025","7/25/2025",12:45:00,7.3,12,12
"342",449432,4,102.1,0,0,0,0,0,0,2,0,0,0,2,2,0,0,0,0,0,"Normal",69,1449432,"LIDO","CAD",3,34.17,42.7,02:35:00,"7/24/2025","7/25/2025",12:45:00,7.3,12,12
"343",449435,1,102.1,0,0,0,0,0,0,2,0,0,0,2,2,0,0,0,0,0,"Normal",67,1449435,"B+N","CAD",3,29.45,43.2,07:10:00,"7/24/2025","7/25/2025",12:37:00,5.9,11,11
"344",449435,2,101.9,0,0,0,0,0,0,1,0,1,0,1,2,0,0,0,0,0,"Normal",67,1449435,"B+N","CAD",3,29.45,43.2,07:10:00,"7/24/2025","7/25/2025",12:37:00,5.9,11,11
"345",449435,3,102.4,0,0,0,0,0,0,2,0,0,0,2,2,0,0,0,0,0,"Normal",67,1449435,"B+N","CAD",3,29.45,43.2,07:10:00,"7/24/2025","7/25/2025",12:37:00,5.9,11,11
"346",449435,4,101.8,0,0,0,0,0,0,1,0,0,0,1,1,0,0,0,0,0,"Normal",67,1449435,"B+N","CAD",3,29.45,43.2,07:10:00,"7/24/2025","7/25/2025",12:37:00,5.9,11,11
"347",449438,1,102.8,0,0,0,0,0,0,2,1,1,0,2,4,0,0,0,0,1,"Normal",72,1449438,"B+N","CAD",3,28.73,45,08:11:00,"7/24/2025","7/25/2025",12:55:00,6.5,14,36
"348",449438,2,102.5,0,0,0,0,0,0,2,0,1,0,2,3,0,0,0,0,0,"Normal",72,1449438,"B+N","CAD",3,28.73,45,08:11:00,"7/24/2025","7/25/2025",12:55:00,6.5,14,36
"349",449438,3,103.9,0,0,0,0,0,0,3,0,2,0,3,5,0,0,0,1,1,"Normal",72,1449438,"B+N","CAD",3,28.73,45,08:11:00,"7/24/2025","7/25/2025",12:55:00,6.5,14,36
"350",449438,4,102.2,0,0,0,0,0,0,2,0,1,0,2,3,0,0,0,0,0,"Normal",72,1449438,"B+N","CAD",3,28.73,45,08:11:00,"7/24/2025","7/25/2025",12:55:00,6.5,14,36
"351",449439,1,103.6,0,0,0,0,0,0,3,0,1,0,3,4,0,0,0,1,1,"Normal",68,1449439,"BO","CAD",3,28.02,44.1,08:40:00,"7/24/2025","7/25/2025",12:41:00,6.8,12,10
"352",449439,2,102.6,0,0,0,0,0,0,2,1,2,0,2,5,0,0,0,0,1,"Normal",68,1449439,"BO","CAD",3,28.02,44.1,08:40:00,"7/24/2025","7/25/2025",12:41:00,6.8,12,10
"353",449439,3,103.9,0,0,0,0,0,0,3,0,2,1,3,6,0,0,0,1,1,"Normal",68,1449439,"BO","CAD",3,28.02,44.1,08:40:00,"7/24/2025","7/25/2025",12:41:00,6.8,12,10
"354",449439,4,102.8,0,0,0,0,0,0,2,0,1,0,2,3,0,0,0,0,0,"Normal",68,1449439,"BO","CAD",3,28.02,44.1,08:40:00,"7/24/2025","7/25/2025",12:41:00,6.8,12,10
"355",449441,1,101.9,0,0,0,0,0,0,1,0,0,0,1,1,0,0,0,0,0,"Normal",81,1449441,"LIDO","CAD",3,26.42,43.2,11:00:00,"7/24/2025","7/25/2025",13:25:00,6.6,12,12
"356",449441,2,102,0,0,0,0,0,0,2,0,0,0,2,2,0,0,0,0,0,"Normal",81,1449441,"LIDO","CAD",3,26.42,43.2,11:00:00,"7/24/2025","7/25/2025",13:25:00,6.6,12,12
"357",449441,3,101.8,0,0,0,0,0,0,1,0,1,0,1,2,0,0,0,0,0,"Normal",81,1449441,"LIDO","CAD",3,26.42,43.2,11:00:00,"7/24/2025","7/25/2025",13:25:00,6.6,12,12
"358",449441,4,102.2,0,0,0,0,0,0,2,0,1,0,2,3,0,0,0,0,0,"Normal",81,1449441,"LIDO","CAD",3,26.42,43.2,11:00:00,"7/24/2025","7/25/2025",13:25:00,6.6,12,12
"359",449444,1,102.9,0,0,0,0,0,0,2,0,0,0,2,2,0,0,0,0,0,"Normal",87,1449444,"BO","CAD",3,24.95,39.5,12:48:00,"7/24/2025","7/25/2025",13:45:00,6.9,11,11
"360",449444,2,102.7,0,0,0,0,0,0,2,1,0,0,2,3,0,0,0,0,0,"Normal",87,1449444,"BO","CAD",3,24.95,39.5,12:48:00,"7/24/2025","7/25/2025",13:45:00,6.9,11,11
"361",449444,3,103.2,0,0,0,0,0,0,3,0,0,0,3,3,0,0,0,0,0,"Normal",87,1449444,"BO","CAD",3,24.95,39.5,12:48:00,"7/24/2025","7/25/2025",13:45:00,6.9,11,11
"362",449444,4,101.2,0,0,0,0,0,0,1,0,0,0,1,1,0,0,0,0,0,"Normal",87,1449444,"BO","CAD",3,24.95,39.5,12:48:00,"7/24/2025","7/25/2025",13:45:00,6.9,11,11
"363",449449,1,103.3,0,0,0,0,0,0,3,0,1,0,3,4,0,0,0,0,1,"Normal",65,1449449,"BO","CAD",3,30.9,49.5,05:35:00,"7/24/2025","7/25/2025",12:29:00,7.2,12,14
"364",449449,2,101.8,0,0,0,0,0,0,1,0,1,0,1,2,0,0,0,0,0,"Normal",65,1449449,"BO","CAD",3,30.9,49.5,05:35:00,"7/24/2025","7/25/2025",12:29:00,7.2,12,14
"365",449449,3,103.7,0,0,0,0,0,0,3,0,1,0,3,4,0,0,0,1,1,"Normal",65,1449449,"BO","CAD",3,30.9,49.5,05:35:00,"7/24/2025","7/25/2025",12:29:00,7.2,12,14
"366",449449,4,101.4,0,0,0,0,0,0,1,0,0,0,1,1,0,0,0,0,0,"Normal",65,1449449,"BO","CAD",3,30.9,49.5,05:35:00,"7/24/2025","7/25/2025",12:29:00,7.2,12,14
"367",449450,1,100.9,0,0,0,0,0,0,0,0,0,0,0,0,0,0,0,0,0,"Normal",66,1449450,"B+N","CAD",3,15.5,33.2,21:05:00,"7/24/2025","7/25/2025",12:35:00,5.7,11,10
"368",449450,2,101,0,0,0,0,0,0,1,0,0,0,1,1,0,0,0,0,0,"Normal",66,1449450,"B+N","CAD",3,15.5,33.2,21:05:00,"7/24/2025","7/25/2025",12:35:00,5.7,11,10
"369",449450,3,101.9,0,0,0,0,0,0,1,1,0,0,1,2,0,0,0,0,0,"Normal",66,1449450,"B+N","CAD",3,15.5,33.2,21:05:00,"7/24/2025","7/25/2025",12:35:00,5.7,11,10
"370",449450,4,102.1,0,0,0,0,0,0,2,0,0,0,2,2,0,0,0,0,0,"Normal",66,1449450,"B+N","CAD",3,15.5,33.2,21:05:00,"7/24/2025","7/25/2025",12:35:00,5.7,11,10
